net,length_um
clknet_0_clk,1047.28
_1872_,871.86
_2032_,833.06
_1168_,825.05
_1938_,804.44
_1959_,792.41
_1970_,774.87
_1974_,767.85
_1976_,735.605
_3317_,718.43
_2028_,711.5
_1960_,702.83
_1961_,700.11
_1809_,691.74
_2086_,687.95
_1170_,681.12
_1176_,680.73
_1243_,679.79
_1154_,671.85
_3088_,663.84
_1831_,655.96
_1509_,634.23
_1238_,633.63
_1939_,631.32
_1246_,627.86
_1172_,626.87
_1973_,626.86
_1966_,621.39
_1842_,619.89
_1812_,618.68
_1166_,617.57
_1153_,602.48
_2777_,600.49
_1547_,595.95
_2093_,594.71
_1971_,586.17
_2033_,584.36
_1510_,583.43
_2627_,580.16
_2600_,575.3
_1237_,573.45
_3117_,571.615
_1978_,569.88
_1965_,568.01
_2015_,562.01
_3005_,561.93
_2886_,557.585
_1845_,557.12
_1188_,556.34
_3235_,552.87
_1805_,552.61
_1190_,549.36
_3346_,543.4
_2646_,542.76
_1843_,537.09
_1848_,531.44
_1247_,526.79
_1819_,520.6
_1159_,519.22
_2529_,515.52
_1195_,515.04
_2029_,509.68
_1472_,509.09
_1551_,506.28
_2621_,503.07
_2861_,501.61
_2884_,500.25
_1194_,499.5
_1846_,499.4
_1964_,498.41
_1873_,497.29
_2462_,496.6
_1271_,495.74
_2901_,493.93
_1798_,491.99
_2045_,490.55
_2017_,490.48
_3200_,490.14
_1821_,490.04
_1829_,488.49
_1272_,487.65
_1863_,487.65
_1948_,485.14
_2634_,484.82
_1800_,483.49
_1822_,483.13
net5,482.29
_2439_,482.23
_2640_,481.19
_1548_,481.15
_1804_,480.93
_2611_,480.13
_2454_,478.35
_1205_,474.76
_2625_,474.57
_1968_,471.23
_1203_,469.12
_1552_,469.11
net28,467.46
_1833_,465.72
_2466_,462.98
_1850_,462.885
_2895_,461.04
_2475_,460.7
_1157_,460.54
_2046_,460.24
_2897_,460.23
_2738_,456.29
_3145_,454.1
_1200_,453.42
_2484_,453.28
_1199_,450.05
_1816_,450.02
_1814_,449.53
_2888_,448.21
_2619_,446.67
_2684_,445.41
_3096_,443.62
_1162_,441.96
_2838_,441.09
_2472_,440.43
_2868_,433.8
_2842_,432.86
_1862_,432.59
net111,430.46
_2891_,429.11
_2456_,428.46
_2642_,428.08
_1864_,427.83
_1871_,423.99
_2113_,423.05
clk,421.42
_1824_,419.45
_2865_,417.59
net97,415.51
_1913_,415.36
_2092_,414.61
_1202_,414.33
_2481_,413.955
_2878_,412.92
_2463_,410.69
_3007_,408.99
_2485_,408.08
_1161_,408.03
_3181_,407.38
_2482_,407.23
net33,407.04
_2881_,406.68
_2694_,406.61
_2824_,406.21
_2474_,403.94
_2014_,402.8
_1207_,402.695
_2644_,402.22
_1186_,399.08
net85,398.815
_1361_,398.18
_2461_,397.85
_2874_,397.285
_1360_,396.62
_1949_,396.05
_2943_,395.65
_2615_,395.37
_2448_,393.11
_2636_,392.42
_1183_,391.5
_2920_,391.46
_1363_,390.56
_2457_,389.51
_2909_,389.05
_2486_,388.24
_2631_,387.32
_2473_,386.7
_1866_,386.36
_1837_,386.325
_3009_,386.31
_3137_,384.5
_1251_,383.67
_1802_,383.4
_2899_,382.75
_2483_,382.63
_3237_,381.35
_3323_,380.09
_2480_,380.08
_1252_,379.27
_2452_,379.14
_2775_,377.86
_1838_,377.52
_2659_,376.22
_3369_,375.57
_2470_,375.55
_1364_,375.12
_1840_,374.72
_2911_,373.19
_2638_,372.61
_3225_,372.6
_2559_,372.57
_2116_,371.29
_2740_,370.98
_2918_,370.52
_2479_,370.34
_2617_,367.83
net11,366.7
_3367_,366.64
_2648_,366.5
net12,366.09
_2478_,365.63
_3159_,365.4
net110,364.8
_2657_,364.39
_2508_,364.15
_2118_,363.83
_2459_,362.46
_3393_,361.56
_2607_,361.37
_3437_,359.94
_2851_,359.92
_1914_,359.57
_2661_,358.82
_2665_,358.28
_1279_,358.19
_2509_,357.66
net90,357.44
_2834_,357.36
_2730_,357.34
net95,356.08
_2717_,355.82
_2671_,355.28
_1521_,354.79
_1187_,353.94
net27,353.67
_3325_,353.53
_2469_,353.34
_2676_,353.06
net88,352.4
_2458_,352.15
_2872_,351.105
_2623_,350.72
_2682_,349.8
_3227_,348.7
net93,348.49
_2597_,347.36
net39,346.65
_2613_,345.25
_2605_,344.41
_2757_,344.23
net108,344.1
_3281_,343.67
net68,343.52
_2018_,343.28
net69,341.82
_3183_,341.48
_2845_,339.47
_2840_,337.43
_2863_,337.24
_2654_,337.08
_1820_,334.34
_2893_,332.98
_2667_,331.84
net71,331.72
net67,331.4
net25,330.93
_2930_,330.85
_1836_,330.605
_1877_,330.11
_2460_,328.78
_2650_,328.64
_2748_,328.38
net101,328.38
_2487_,326.64
_3062_,325.82
_2223_,325.32
_2905_,324.54
_2855_,324.46
net18,323.87
net103,322.76
net61,321.41
_2673_,320.84
_2191_,320.62
net10,320.25
_2849_,320.14
_2876_,318.3
_2468_,318.09
_2759_,317.74
_2750_,317.16
_2832_,316.85
net57,316.15
net92,315.62
_3406_,315.515
_3388_,314.59
_1197_,313.6
net15,313.11
_2488_,311.7
net72,311
_1867_,310.54
_2844_,309.59
net100,309.26
_3279_,309.21
_2903_,309.2
net74,308.98
_3130_,308.81
_2467_,308.78
_1158_,308.16
net86,308.09
_2870_,307.56
_2847_,307.2
_3094_,306.34
_3139_,305.57
_2858_,305.55
_3075_,305.17
_2962_,305.03
_2692_,303.9
net99,303.78
_2543_,303.56
net43,303.41
_2555_,303.075
_1189_,302.26
net2,301.55
_2890_,301.32
net91,299.69
_1869_,298.67
_1193_,298.45
_2853_,298.16
_3187_,297.88
_3304_,296.45
net24,295.63
_2608_,295.37
_2101_,294.8
_1903_,294.47
_1241_,293.86
_2798_,293.685
_2097_,293.04
_1165_,291.48
_3172_,291.43
net50,291.26
net17,290.06
_2768_,289.94
net96,289.3
_3439_,288.44
_1488_,288.38
_3400_,287.875
_2731_,287.23
_2455_,287.2
_3359_,286.9
_2835_,284.33
net70,284.24
_1486_,283.97
net66,283.88
_1796_,283.03
_2964_,282.41
_1236_,281.74
_3401_,280.29
_1171_,280.24
_3378_,280.2
net44,280.09
_1880_,278.41
net4,278.41
net14,278.38
_2471_,277.18
net49,277.04
_2493_,275.86
_2669_,275.78
_1240_,275.61
_2663_,275.55
net109,274.94
_3414_,274.66
_2968_,274.38
net63,273.8
_2720_,273.32
_1250_,273.29
net78,273.22
_2496_,272.4
_3443_,272.38
_3230_,272.2
_2766_,269.39
_3444_,269.19
_3275_,268.3
_1354_,267.85
_1431_,267.32
_1173_,267.13
_3428_,266.46
_2779_,265.93
net1,265.24
_3065_,265.02
_1156_,264.78
_1876_,263.97
net52,263.66
_1245_,262.99
_3229_,262.11
_1349_,261.77
_1254_,260.42
_2678_,260.07
_1430_,259.45
_2632_,259.26
net58,259.08
_3377_,258.56
_3430_,258.47
_2675_,257.79
net46,257.74
_1483_,257.51
_3053_,257.51
net82,256.46
_1878_,255.96
_2516_,255.48
_2811_,255.2
_3291_,255.14
_1479_,254.5
_1353_,252.56
_3376_,252.02
net60,251.42
_2494_,251.31
_3386_,251.31
_2803_,250.81
_1426_,250.32
_1808_,248.7
net59,246.2
_2981_,245.73
_1427_,245.44
_3333_,244.21
_2721_,244.17
_2630_,244.12
_2584_,243.49
_2817_,243.3
net80,243.2
_1350_,243.03
_1826_,241.71
_3213_,241.28
net105,241.18
_2704_,241.08
_2816_,240.74
net53,240.54
_3231_,239.5
_1815_,238.9
net102,238.08
net62,237.89
net8,237.38
net55,237.28
_2495_,237.22
_2539_,235.77
_2946_,235.44
_2513_,235.06
_1811_,234.94
_1813_,234.94
clknet_4_2_0_clk,234.28
_3051_,234.14
_2653_,234.03
net37,233.46
net83,233.03
clknet_4_13_0_clk,231.89
_2629_,231.14
_2106_,230.08
_2994_,229.975
_2689_,229.96
net31,229.79
_1797_,229.765
_2933_,229.62
_3379_,229.62
clknet_4_8_0_clk,228.97
_2916_,228.06
_3047_,227.58
_2104_,227.52
_2915_,226.26
net84,225.34
_2867_,223.58
_2934_,223.47
net26,223.38
_2761_,223.34
net77,223.31
_2913_,223.21
_2688_,221.52
_2947_,221.51
net20,221.47
_1313_,220.64
_3429_,220.55
_2771_,219.47
clknet_4_1_0_clk,218.66
net7,218.46
_2749_,218.41
net56,217.58
net51,216.96
_2769_,216.92
_3339_,216.72
net104,216.7
net79,216.22
_1801_,216.09
_2707_,215.32
net113,215.28
_2751_,215.27
_2780_,215.05
_3078_,214.98
_2693_,214.7
_2914_,214.01
net3,214
net48,213.86
_2464_,213.78
net40,213.13
_2497_,212.79
_2990_,212.74
_2762_,212.46
_2066_,212.34
_3295_,211.71
_2500_,211.02
_2477_,210.83
_2770_,210.29
_1312_,209.88
_2038_,208.5
_3232_,208.41
_2745_,207.79
clknet_4_7_0_clk,207.72
_3413_,207.53
_2560_,207.37
_3442_,206.85
_3052_,206.56
net64,206.12
_2525_,206.06
net94,205.8
_3373_,205.28
_3383_,205.27
_2530_,204.98
_1593_,204.63
_2556_,204.63
_3022_,204.61
_2758_,204.34
_3433_,203.98
_2772_,203.94
net21,203.83
_2764_,203.76
net106,203.62
_3066_,203.48
net73,203.06
_1606_,202.72
_3441_,202.7
_2655_,202.62
clknet_4_12_0_clk,202.4
_3104_,202.2
_3438_,201.92
_2540_,201.9
clknet_4_9_0_clk,201.555
_3431_,201.28
net65,200.7
_3184_,200.65
_2498_,200.13
_3324_,200.04
_3382_,200.01
clknet_4_6_0_clk,199.93
_2804_,199.86
_2742_,199.84
_3294_,199.735
_2557_,198.9
_3435_,198.71
_1398_,197.75
net89,197.6
_1827_,197.02
_2782_,196.69
_2465_,196.65
net98,196.59
_2609_,196.53
clknet_4_3_0_clk,196.21
_2499_,195.78
clknet_4_14_0_clk,195.76
_2763_,195.35
_2505_,194.91
_3154_,194.43
_3167_,194.14
_3371_,193.86
_2773_,193.14
_3326_,193.035
_3138_,192.72
_2789_,192.64
_2880_,192.58
_2791_,192.28
net22,192
_2743_,191.8
net41,191.64
_2744_,191.36
_3380_,191.27
_3381_,191.16
clknet_4_15_0_clk,190.91
net23,190.83
_3095_,190.46
_3440_,190.34
net75,190.06
_2977_,189.28
net112,188.9
clknet_4_10_0_clk,188.6
_3146_,187.68
net36,187.54
_2586_,187.32
_2919_,187.28
_2857_,186.705
_3280_,186.65
net9,186.25
_3238_,185.96
_2453_,185.63
_2760_,184.52
_3434_,184.37
_3123_,184.14
_2144_,183.88
_3021_,183.77
net87,183.72
_3374_,183.18
_3432_,183.18
_2767_,182.99
_2695_,182.84
_3140_,182.14
_1178_,181.9
_2910_,180.78
_2741_,180.35
_1592_,180.18
_3338_,180.08
_3109_,180.015
_1608_,179.9
_3182_,179.66
net16,178.9
net76,178.72
_2686_,178.69
_2449_,178.33
_3166_,178.28
net47,178.05
_2476_,177.2
_3023_,176.82
_2451_,175.32
_3079_,174.8
net38,174.77
_2249_,174.35
_1399_,174.24
_2978_,173.78
_3122_,172.44
_3251_,172.33
_2912_,171.58
_3209_,170.86
_1412_,170.35
_2781_,170.25
_2790_,169.92
_3226_,169.61
net54,169.5
_3050_,169.43
_2683_,169.24
_3228_,167.735
_2859_,166.42
_2963_,165.69
clknet_4_4_0_clk,165.46
_2685_,165.34
clknet_4_11_0_clk,164.86
_2652_,163.505
_1403_,163.04
clknet_4_0_0_clk,162.72
_3372_,162.5
_1179_,161.95
_2708_,161.81
_3153_,161.475
_2991_,161.42
_2739_,160.77
_3006_,159.81
_2585_,159.68
_3352_,159.31
_2752_,158.59
_2571_,158.24
_2882_,158.18
_3196_,157.98
_0016_,157.885
_2755_,157.7
_3008_,157.66
_3250_,157.47
_2305_,157.115
_3368_,157
_1607_,156.18
_3385_,155.41
_1390_,154.19
_2754_,154.17
_2526_,153.11
net6,152.93
_2753_,152.77
_3249_,152.505
_1280_,152.235
_2776_,152.18
_3370_,152.08
_3197_,151.93
_3264_,151.89
_2687_,151.78
_3282_,150.135
_2788_,149.85
net13,146.96
clknet_4_5_0_clk,145.62
_3233_,145.6
net107,144.94
_2606_,144.57
_2778_,143.89
_3097_,143.74
_3010_,143.29
_1208_,141.515
_3262_,141.46
_2921_,141.395
_2836_,141.25
_3210_,139.6
_3307_,138.88
_3236_,138.46
_1727_,137.08
_3308_,136.47
net81,135.48
net34,135.12
_3110_,134.72
_1518_,134.4
clknet_leaf_87_clk,133.62
clknet_leaf_4_clk,133.57
_2107_,133.11
_0052_,132.895
_2965_,132.34
_1851_,130.92
_3263_,130.8
_2601_,130.25
net30,129.6
_2572_,129.49
_3035_,129.2
_2512_,129.18
_2573_,127.635
_1394_,127.23
_0044_,125.465
_1844_,124.5
_1397_,124.4
clknet_leaf_67_clk,123.76
_2736_,123.67
clknet_leaf_109_clk,121.1
_1201_,120.94
net19,120.56
_1181_,120.54
_3036_,119.84
_1830_,119.52
_1401_,119.39
_2504_,119.32
_1799_,119.02
_0053_,117.635
_1177_,117.61
_1761_,117.58
clknet_leaf_37_clk,117.23
_1597_,117
net29,115.54
clknet_leaf_22_clk,115.45
_2501_,113.88
net42,113.56
_1169_,113.54
_2363_,113.41
clknet_leaf_102_clk,112.96
_2063_,112.23
_2833_,111.72
clknet_leaf_94_clk,110.34
_1891_,110.32
clknet_leaf_111_clk,110.02
_3351_,109.82
_1447_,109.73
_1460_,109.72
_0046_,109.7
_1591_,109.42
_1588_,109.14
memory\[5\]\[3\],108.82
clknet_leaf_90_clk,108.6
_1265_,108.5
_2154_,108.4
_3387_,107.32
clknet_leaf_84_clk,107.23
_1956_,107.12
_2323_,106.68
_0013_,105.935
_2178_,105.8
clknet_leaf_65_clk,105.54
_2241_,105.4
_2306_,105.26
_1861_,105
memory\[25\]\[13\],104.84
_2197_,104.6
clknet_leaf_32_clk,103.74
_1584_,103.7
clknet_leaf_83_clk,103.6
_2322_,102.945
clknet_leaf_35_clk,102.66
clknet_leaf_0_clk,102.42
_1221_,102.16
_3034_,102.12
clknet_leaf_110_clk,102.11
_1478_,101.48
_1383_,100.54
clknet_leaf_24_clk,100.495
_1463_,100.19
_1268_,100.04
memory\[0\]\[1\],99.77
clknet_leaf_115_clk,99.72
net45,99.52
clknet_leaf_71_clk,99.28
memory\[0\]\[26\],99.2
clknet_leaf_2_clk,99.2
clknet_leaf_62_clk,99.1
clknet_leaf_107_clk,98.92
clknet_leaf_38_clk,97.5
_1196_,97.46
memory\[16\]\[14\],97.46
_1928_,97.26
clknet_leaf_95_clk,97
memory\[0\]\[25\],96.32
_2490_,96.12
_1375_,95.85
_1991_,95.48
_2003_,95.42
clknet_leaf_68_clk,95.38
clknet_leaf_78_clk,95.055
clknet_leaf_116_clk,94.98
clknet_leaf_96_clk,94.18
_1879_,93.7
memory\[0\]\[31\],93.63
_1466_,93.08
_1218_,92.98
_1184_,92.94
clknet_leaf_85_clk,92.875
clknet_leaf_53_clk,92.43
_2206_,92.13
clknet_leaf_112_clk,92.095
_2412_,91.44
_2395_,91.06
clknet_leaf_114_clk,90.52
clknet_leaf_20_clk,90.445
_2079_,90.11
_1724_,89.88
_0018_,89.86
clknet_leaf_86_clk,89.28
_2171_,89.25
_0020_,89.135
_1684_,89.08
_2082_,88.94
clknet_leaf_56_clk,88.92
memory\[10\]\[12\],88.845
clknet_leaf_77_clk,88.82
clknet_leaf_54_clk,88.72
_2127_,88.46
_1897_,88.36
_2231_,88.32
memory\[25\]\[12\],88.21
_2232_,88.18
_2442_,87.84
_1155_,87.8
_1967_,87.44
clknet_leaf_18_clk,87.44
clknet_leaf_81_clk,87.4
clknet_leaf_108_clk,87.04
memory\[22\]\[21\],87.015
memory\[21\]\[23\],86.98
_2075_,86.96
_2020_,86.925
_1832_,85.77
clknet_leaf_57_clk,85.76
clknet_leaf_105_clk,85.76
_1633_,85.74
_2510_,85.68
clknet_leaf_31_clk,85.52
memory\[5\]\[1\],85.5
net35,85.34
memory\[10\]\[14\],85.3
_1432_,85.24
clknet_leaf_52_clk,85.24
_2031_,84.745
memory\[9\]\[25\],84.68
clknet_leaf_7_clk,84.58
_1260_,84.565
memory\[10\]\[0\],84.435
clknet_leaf_9_clk,84.32
_2337_,84.24
_1641_,84.18
clknet_leaf_104_clk,83.84
_1370_,83.505
_0049_,83.345
memory\[0\]\[29\],83.31
_2023_,83.1
clknet_leaf_30_clk,83.08
_2189_,82.64
clknet_leaf_40_clk,82.52
_1185_,82.5
_2293_,82.36
_2441_,82.18
_1947_,82.14
_1996_,81.84
_1909_,81.58
_1297_,81.515
_2302_,81.2
clknet_leaf_92_clk,81.18
clknet_leaf_5_clk,81
clknet_leaf_64_clk,81
clknet_leaf_27_clk,80.93
_2250_,80.9
_0062_,80.885
_1650_,80.78
clknet_leaf_28_clk,80.78
clknet_leaf_82_clk,80.71
clknet_leaf_8_clk,80.7
clknet_leaf_80_clk,80.62
_1674_,80.5
clknet_leaf_29_clk,80.46
_2136_,80.44
_2374_,80.28
_2344_,79.92
_2370_,79.84
memory\[2\]\[27\],79.725
_2286_,79.62
_2444_,79.61
clknet_leaf_76_clk,79.46
_1658_,79.06
clknet_leaf_73_clk,79
_1333_,78.955
clknet_leaf_36_clk,78.94
_2042_,78.75
_1917_,78.48
clknet_leaf_41_clk,78.34
clknet_leaf_103_clk,78.24
_1529_,78.2
_2489_,77.91
_2216_,77.9
_1425_,77.77
clknet_leaf_47_clk,77.74
_1539_,77.71
_1585_,77.14
_2048_,76.945
memory\[16\]\[10\],76.87
_2436_,76.82
_1302_,76.7
_1828_,76.64
_1767_,76.62
_1665_,76.58
_1745_,76.24
_2376_,76.18
_2384_,76.14
memory\[16\]\[15\],75.9
clknet_leaf_106_clk,75.86
_1470_,75.8
_2174_,75.72
memory\[5\]\[4\],75.7
memory\[11\]\[7\],75.52
_1742_,75.305
_2120_,75.28
clknet_leaf_58_clk,75.12
_1577_,74.97
clknet_leaf_25_clk,74.82
_1642_,74.81
clknet_leaf_6_clk,74.56
_1480_,74.24
_1839_,74.24
memory\[21\]\[30\],74.14
_2053_,74.09
memory\[1\]\[4\],73.92
_2012_,73.78
clknet_leaf_100_clk,73.76
_3093_,73.68
_0025_,73.52
_1384_,73.495
_1934_,73.46
_1422_,73.38
_1709_,73.3
_1536_,73.26
_2269_,73.18
_1692_,73.14
_2405_,73.12
memory\[24\]\[21\],73.02
_1336_,72.92
_2445_,72.675
clknet_leaf_34_clk,72.6
memory\[24\]\[22\],72.51
_2502_,72.3
memory\[13\]\[9\],72.26
memory\[10\]\[15\],72.21
_1546_,72.18
clknet_leaf_99_clk,72.18
memory\[14\]\[30\],72.07
_0063_,71.985
clknet_leaf_21_clk,71.98
_2161_,71.885
_1735_,71.84
clknet_leaf_45_clk,71.74
_1856_,71.69
memory\[17\]\[31\],71.54
_1423_,71.38
_2224_,71.28
memory\[26\]\[13\],71.13
_2013_,71.04
memory\[14\]\[9\],70.99
memory\[8\]\[12\],70.78
memory\[26\]\[16\],70.625
memory\[25\]\[16\],70.57
_2008_,70.52
_2341_,70.48
_2064_,70.38
_2238_,70.36
_2357_,70.36
_1810_,70.115
memory\[10\]\[13\],70.1
_1387_,69.81
_1663_,69.76
_2440_,69.74
_1415_,69.6
memory\[17\]\[11\],69.48
clknet_leaf_69_clk,69.48
_1235_,69.46
_2217_,69.2
_1567_,69.06
memory\[25\]\[14\],69.04
_2361_,68.96
_1499_,68.86
_1986_,68.72
memory\[10\]\[11\],68.64
_1923_,68.555
memory\[6\]\[26\],68.54
memory\[8\]\[6\],68.48
_2690_,68.475
memory\[12\]\[10\],68.46
_1473_,68.25
_2960_,68.22
_0059_,68.2
memory\[6\]\[18\],68.07
_1904_,68.03
memory\[12\]\[30\],68
clknet_leaf_48_clk,68
_2319_,67.94
memory\[9\]\[7\],67.93
clknet_leaf_113_clk,67.88
memory\[22\]\[22\],67.855
clknet_leaf_98_clk,67.74
_0055_,67.725
_1979_,67.72
_2128_,67.66
memory\[16\]\[11\],67.31
memory\[26\]\[12\],67.19
memory\[18\]\[1\],67.165
clknet_leaf_79_clk,67.13
_2145_,67.12
_1912_,66.99
_2283_,66.92
_1614_,66.7
memory\[17\]\[20\],66.5
_1623_,66.42
_2284_,66.34
_1544_,66.28
_2234_,66.26
memory\[18\]\[6\],66.25
clknet_leaf_50_clk,66.2
memory\[27\]\[22\],66.16
clknet_leaf_23_clk,66.16
_1557_,66.14
memory\[16\]\[16\],65.915
_2390_,65.74
_0006_,65.705
memory\[0\]\[9\],65.69
_2443_,65.68
_1345_,65.585
_1321_,65.58
_1952_,65.36
memory\[8\]\[11\],65.14
_1595_,65.06
memory\[8\]\[4\],65.05
clknet_leaf_11_clk,64.9
_1511_,64.78
_2043_,64.74
clknet_leaf_46_clk,64.46
_0026_,64.42
clknet_leaf_43_clk,64.4
_1667_,64.26
memory\[20\]\[7\],64.22
_1314_,64.2
_1769_,64.02
_1319_,63.9
_2035_,63.9
clknet_leaf_93_clk,63.86
_1443_,63.84
memory\[26\]\[22\],63.815
memory\[19\]\[6\],63.81
_1737_,63.78
_1167_,63.675
_1482_,63.55
_1931_,63.51
_2185_,63.5
clknet_leaf_12_clk,63.42
_2378_,63.3
memory\[4\]\[3\],63.08
clknet_leaf_63_clk,63.08
memory\[20\]\[6\],63.06
_1609_,63.04
_1758_,63
_1226_,62.92
memory\[8\]\[16\],62.92
_2125_,62.88
memory\[0\]\[27\],62.7
memory\[5\]\[2\],62.7
memory\[4\]\[28\],62.56
memory\[28\]\[13\],62.52
_1380_,62.44
_2603_,62.34
_2162_,62.32
memory\[17\]\[27\],62.3
_2397_,62.24
_2062_,62.23
clknet_leaf_74_clk,62.18
memory\[25\]\[15\],62.12
_1239_,62
_1942_,61.945
clknet_leaf_70_clk,61.88
_2356_,61.83
_1308_,61.8
clknet_leaf_13_clk,61.78
memory\[5\]\[27\],61.66
_1694_,61.58
_1404_,61.42
clknet_leaf_66_clk,61.42
_1352_,61.27
memory\[9\]\[0\],61.26
clknet_leaf_97_clk,61.12
_2511_,61.1
_2138_,60.98
_1569_,60.97
_1589_,60.7
clknet_leaf_16_clk,60.7
_1699_,60.64
_1328_,60.56
_1624_,60.44
clknet_leaf_14_clk,60.29
_1659_,60.28
clknet_leaf_88_clk,60.28
memory\[30\]\[9\],60.105
_1411_,59.925
_1646_,59.8
_1779_,59.8
clknet_leaf_17_clk,59.78
_1522_,59.745
memory\[12\]\[14\],59.7
_2558_,59.615
clknet_leaf_1_clk,59.54
_2388_,59.42
_1581_,59.36
_2262_,59.31
memory\[23\]\[1\],59.26
clknet_leaf_15_clk,59.26
_2507_,59.18
memory\[10\]\[31\],59.15
_2392_,59.14
memory\[11\]\[10\],59.1
_2073_,59.02
_0015_,58.865
_2339_,58.78
_0045_,58.77
memory\[16\]\[31\],58.76
memory\[4\]\[0\],58.72
_1616_,58.68
memory\[5\]\[26\],58.64
_1216_,58.62
memory\[18\]\[9\],58.605
_1213_,58.51
memory\[19\]\[27\],58.44
_2123_,58.28
_2438_,58.26
_2227_,58.24
memory\[16\]\[8\],58.22
_1436_,58.2
_2117_,58.02
_1230_,57.94
_1281_,57.88
_2437_,57.8
_1198_,57.605
clknet_leaf_49_clk,57.34
memory\[0\]\[3\],57.22
_1697_,57.16
memory\[5\]\[16\],57.1
memory\[28\]\[16\],57.04
memory\[28\]\[15\],56.9
_2255_,56.8
set\[0\],56.745
_2089_,56.71
memory\[10\]\[8\],56.66
memory\[25\]\[20\],56.62
_1999_,56.56
memory\[6\]\[9\],56.535
_1713_,56.525
_1305_,56.45
memory\[6\]\[20\],56.27
_1359_,56.12
_2554_,56.1
_3071_,56.1
_1369_,56.06
_2187_,56.06
_1366_,56.05
_1257_,55.94
_1704_,55.91
memory\[17\]\[25\],55.88
_2330_,55.82
memory\[16\]\[9\],55.78
memory\[6\]\[31\],55.71
_2134_,55.7
memory\[9\]\[18\],55.7
_2186_,55.64
memory\[11\]\[6\],55.63
_0003_,55.605
_1341_,55.585
_1752_,55.56
_2327_,55.56
memory\[2\]\[5\],55.465
_2164_,55.44
memory\[17\]\[14\],55.43
_2301_,55.42
memory\[23\]\[27\],55.4
_1461_,55.38
clknet_leaf_10_clk,55.34
_2252_,55.28
memory\[5\]\[15\],55.22
memory\[5\]\[22\],55.16
memory\[6\]\[0\],54.985
_1489_,54.885
memory\[22\]\[1\],54.79
memory\[4\]\[24\],54.76
memory\[13\]\[12\],54.72
clknet_leaf_51_clk,54.72
memory\[1\]\[21\],54.68
_1680_,54.58
_1582_,54.55
_2259_,54.5
clknet_leaf_59_clk,54.46
clknet_leaf_19_clk,54.39
memory\[14\]\[6\],54.33
_1972_,54.3
_1718_,54.24
_2352_,54.16
memory\[0\]\[12\],54.14
memory\[19\]\[16\],54.04
memory\[8\]\[19\],54
memory\[18\]\[5\],53.92
memory\[27\]\[17\],53.92
_0277_,53.885
clknet_leaf_61_clk,53.86
memory\[20\]\[0\],53.83
memory\[8\]\[18\],53.8
clknet_0__3445_,53.8
_2335_,53.74
memory\[5\]\[24\],53.71
memory\[5\]\[7\],53.66
memory\[22\]\[12\],53.615
memory\[31\]\[12\],53.46
_1602_,53.38
memory\[22\]\[23\],53.37
_2691_,53.35
clknet_leaf_39_clk,53.32
memory\[28\]\[8\],53.24
memory\[0\]\[5\],53.12
memory\[4\]\[1\],53.08
memory\[1\]\[24\],53.04
_1467_,52.925
_1286_,52.86
_2831_,52.68
clknet_1_0__leaf__2783_,52.56
memory\[16\]\[28\],52.5
memory\[7\]\[18\],52.5
_0057_,52.48
memory\[7\]\[27\],52.4
_1995_,52.38
memory\[15\]\[9\],52.36
memory\[17\]\[26\],52.34
_1721_,52.3
_2196_,52.285
_1291_,52.28
_0004_,52.245
memory\[2\]\[20\],52.175
_1225_,52.12
_1701_,52.04
_1710_,52.04
clknet_leaf_44_clk,51.98
_1693_,51.96
_1253_,51.82
memory\[26\]\[15\],51.81
_2273_,51.8
_1937_,51.76
memory\[26\]\[7\],51.675
_2175_,51.635
_1537_,51.59
_1598_,51.54
_2179_,51.36
_1298_,51.16
_2221_,51.16
memory\[20\]\[24\],51.16
_2723_,51.12
memory\[28\]\[10\],50.96
memory\[17\]\[6\],50.88
_1261_,50.78
memory\[10\]\[22\],50.72
memory\[5\]\[10\],50.72
_1393_,50.665
memory\[6\]\[24\],50.645
_2076_,50.32
memory\[1\]\[23\],50.32
memory\[9\]\[22\],50.26
_1984_,50.24
memory\[10\]\[4\],50.215
memory\[20\]\[9\],50.16
memory\[24\]\[11\],50.13
_1303_,50.04
_1338_,50.02
memory\[26\]\[4\],50.015
_1503_,49.915
_1543_,49.74
_1743_,49.74
_1601_,49.705
_1754_,49.66
memory\[7\]\[23\],49.64
memory\[26\]\[25\],49.625
memory\[27\]\[21\],49.62
_1407_,49.53
memory\[14\]\[7\],49.51
_1580_,49.5
memory\[26\]\[11\],49.455
_2359_,49.44
_2279_,49.36
memory\[6\]\[8\],49.315
_2651_,49.3
memory\[31\]\[13\],49.2
memory\[10\]\[10\],49.065
_2152_,49.06
memory\[17\]\[13\],49.06
memory\[8\]\[9\],49.04
_0613_,49.025
memory\[10\]\[16\],48.99
memory\[1\]\[29\],48.96
memory\[23\]\[13\],48.86
_1619_,48.79
memory\[11\]\[16\],48.76
memory\[1\]\[5\],48.725
_2094_,48.72
memory\[22\]\[26\],48.715
memory\[28\]\[17\],48.7
memory\[18\]\[27\],48.65
memory\[17\]\[23\],48.6
memory\[8\]\[7\],48.5
_2024_,48.495
clknet_leaf_72_clk,48.45
_1324_,48.42
_2353_,48.4
_2139_,48.38
_2410_,48.38
memory\[18\]\[2\],48.37
memory\[7\]\[31\],48.34
memory\[22\]\[10\],48.27
_2267_,48.2
clknet_0__2787_,48.18
_2290_,48.16
memory\[11\]\[2\],48.12
_1526_,48.04
_2308_,48.02
memory\[16\]\[12\],48.02
_1679_,47.975
memory\[0\]\[7\],47.97
_1492_,47.96
_3191_,47.94
memory\[16\]\[2\],47.94
memory\[21\]\[22\],47.9
_0054_,47.86
_1627_,47.8
memory\[5\]\[0\],47.7
_1789_,47.55
memory\[1\]\[7\],47.5
_3223_,47.48
_2373_,47.465
_2077_,47.42
memory\[18\]\[8\],47.395
_1395_,47.32
_1870_,47.29
_0483_,47.285
_1640_,47.28
memory\[4\]\[27\],47.26
memory\[19\]\[12\],47.18
_0024_,47.165
_2257_,47.14
memory\[27\]\[14\],47.12
_2367_,47.06
_2316_,46.96
memory\[19\]\[1\],46.92
memory\[23\]\[25\],46.9
_1357_,46.86
_2137_,46.77
_3256_,46.7
memory\[1\]\[2\],46.68
memory\[11\]\[15\],46.62
_1675_,46.6
memory\[27\]\[2\],46.56
_1285_,46.54
memory\[21\]\[0\],46.52
_1311_,46.5
memory\[21\]\[18\],46.47
_3412_,46.34
_2265_,46.32
_1326_,46.3
clknet_leaf_89_clk,46.22
memory\[22\]\[16\],46.215
_0008_,46.145
memory\[25\]\[0\],46.12
memory\[7\]\[4\],46.08
memory\[21\]\[21\],46.02
_0304_,46.005
memory\[8\]\[14\],45.92
_2124_,45.83
memory\[15\]\[6\],45.78
memory\[11\]\[12\],45.76
memory\[0\]\[24\],45.72
_1731_,45.68
memory\[25\]\[25\],45.66
_2229_,45.6
clknet_leaf_60_clk,45.6
memory\[14\]\[29\],45.59
_1519_,45.56
_3409_,45.56
_1553_,45.54
_1762_,45.54
memory\[12\]\[15\],45.46
_1886_,45.45
_2379_,45.42
_1892_,45.4
memory\[27\]\[15\],45.3
memory\[5\]\[12\],45.3
_0032_,45.265
_1570_,45.22
_1613_,45.2
memory\[16\]\[5\],45.2
memory\[7\]\[25\],45.14
_1331_,45.12
memory\[27\]\[30\],45.1
_1560_,45
_2246_,44.98
memory\[8\]\[0\],44.9
_2039_,44.84
memory\[13\]\[6\],44.84
memory\[21\]\[28\],44.84
_1682_,44.8
_1714_,44.68
_2985_,44.68
memory\[6\]\[19\],44.675
_2100_,44.63
_1274_,44.62
_2381_,44.6
memory\[19\]\[13\],44.57
memory\[7\]\[19\],44.54
_3248_,44.46
memory\[23\]\[28\],44.46
memory\[18\]\[25\],44.435
memory\[3\]\[4\],44.43
_1448_,44.36
_1794_,44.34
_2200_,44.34
_1325_,44.225
memory\[20\]\[22\],44.22
memory\[9\]\[4\],44.14
memory\[1\]\[1\],44.1
memory\[20\]\[11\],44.04
_1807_,44.02
memory\[18\]\[22\],44.01
memory\[15\]\[11\],43.98
memory\[8\]\[30\],43.94
_2427_,43.92
memory\[5\]\[5\],43.84
_0512_,43.725
_1657_,43.72
_2204_,43.72
clknet_leaf_26_clk,43.68
_1660_,43.66
_1940_,43.62
memory\[19\]\[22\],43.62
memory\[19\]\[5\],43.62
memory\[18\]\[0\],43.61
_0009_,43.585
memory\[15\]\[5\],43.56
_1728_,43.54
memory\[23\]\[10\],43.52
memory\[16\]\[4\],43.34
memory\[27\]\[12\],43.3
memory\[23\]\[23\],43.28
memory\[11\]\[11\],43.24
memory\[9\]\[3\],43.22
memory\[28\]\[22\],43.14
memory\[30\]\[4\],43.11
_2005_,43.06
_2268_,43.02
_1490_,42.98
_1755_,42.83
_1726_,42.8
memory\[20\]\[4\],42.76
clknet_0__2783_,42.7
memory\[29\]\[10\],42.68
_1391_,42.64
memory\[1\]\[26\],42.64
memory\[17\]\[24\],42.62
_1244_,42.61
memory\[26\]\[21\],42.51
_3188_,42.5
_2307_,42.48
memory\[7\]\[1\],42.45
memory\[28\]\[6\],42.44
_2310_,42.42
memory\[16\]\[17\],42.42
_1626_,42.3
memory\[26\]\[0\],42.26
memory\[31\]\[15\],42.26
_1405_,42.2
_1362_,42.16
data_addr2[4],42.14
_1531_,42.105
_1786_,42.08
memory\[7\]\[8\],42.06
memory\[19\]\[3\],42
memory\[15\]\[20\],41.92
clknet_leaf_33_clk,41.88
memory\[12\]\[21\],41.87
memory\[24\]\[23\],41.84
memory\[27\]\[13\],41.84
_2016_,41.74
memory\[30\]\[2\],41.71
memory\[20\]\[8\],41.68
memory\[6\]\[27\],41.66
memory\[8\]\[13\],41.66
_2656_,41.6
memory\[14\]\[31\],41.6
memory\[3\]\[20\],41.58
_1578_,41.5
memory\[28\]\[1\],41.44
memory\[6\]\[21\],41.435
memory\[7\]\[24\],41.38
memory\[29\]\[16\],41.28
_0058_,41.205
memory\[16\]\[19\],41.2
memory\[13\]\[30\],41.06
memory\[23\]\[4\],41.02
_2244_,40.97
memory\[21\]\[25\],40.9
memory\[2\]\[28\],40.895
memory\[0\]\[30\],40.89
_1228_,40.88
_2358_,40.86
memory\[23\]\[29\],40.82
memory\[24\]\[3\],40.8
_0532_,40.795
memory\[1\]\[28\],40.62
memory\[25\]\[31\],40.56
_0517_,40.475
memory\[11\]\[0\],40.47
memory\[28\]\[31\],40.46
memory\[12\]\[16\],40.41
memory\[10\]\[2\],40.4
memory\[4\]\[25\],40.4
_1859_,40.36
memory\[20\]\[3\],40.36
memory\[31\]\[7\],40.36
memory\[5\]\[29\],40.36
_2256_,40.28
_2096_,40.24
memory\[22\]\[18\],40.11
memory\[30\]\[22\],40.035
_2010_,40.02
memory\[18\]\[26\],40.02
_2633_,40
_2664_,39.98
memory\[1\]\[20\],39.96
_0632_,39.945
_1527_,39.94
memory\[12\]\[12\],39.92
memory\[9\]\[10\],39.92
memory\[9\]\[5\],39.92
clknet_1_0__leaf__3445_,39.9
_1376_,39.88
memory\[4\]\[20\],39.88
_0598_,39.825
memory\[24\]\[7\],39.82
memory\[13\]\[14\],39.74
_2129_,39.7
_1223_,39.68
_3125_,39.66
memory\[24\]\[15\],39.66
clknet_1_0__leaf__3446_,39.66
clknet_1_1__leaf__2786_,39.62
memory\[16\]\[13\],39.6
memory\[27\]\[29\],39.56
memory\[24\]\[17\],39.5
memory\[26\]\[27\],39.475
memory\[4\]\[18\],39.41
memory\[20\]\[21\],39.385
_2300_,39.32
memory\[9\]\[6\],39.3
_1339_,39.28
_2272_,39.28
memory\[2\]\[22\],39.28
_0023_,39.26
clknet_0__2786_,39.26
_0017_,39.185
_2528_,39.16
_2993_,39.16
memory\[24\]\[29\],39.16
memory\[29\]\[22\],39.14
_1292_,39.08
memory\[23\]\[26\],39.06
_3344_,39
memory\[25\]\[10\],38.98
_1673_,38.92
_3283_,38.92
memory\[12\]\[18\],38.88
_2386_,38.84
memory\[18\]\[3\],38.77
memory\[29\]\[13\],38.76
_2907_,38.725
_2199_,38.72
memory\[23\]\[15\],38.72
memory\[8\]\[28\],38.7
memory\[8\]\[15\],38.68
_2248_,38.54
memory\[11\]\[19\],38.38
_1982_,38.36
memory\[26\]\[1\],38.345
_2318_,38.34
_2149_,38.325
memory\[24\]\[19\],38.32
memory\[7\]\[2\],38.26
memory\[11\]\[3\],38.24
memory\[2\]\[9\],38.23
memory\[1\]\[25\],38.22
memory\[27\]\[8\],38.18
memory\[23\]\[24\],38.16
_2662_,38.14
memory\[1\]\[15\],38.14
memory\[18\]\[15\],38.045
memory\[8\]\[23\],38.04
_2083_,37.945
_1945_,37.94
_2288_,37.9
_0920_,37.885
_2051_,37.86
_0002_,37.76
_2672_,37.74
memory\[11\]\[4\],37.73
memory\[6\]\[10\],37.73
_0258_,37.685
_1348_,37.68
_1977_,37.68
clknet_leaf_3_clk,37.68
_0007_,37.665
memory\[23\]\[12\],37.66
memory\[27\]\[4\],37.66
_1417_,37.655
memory\[27\]\[28\],37.62
memory\[6\]\[16\],37.62
_0854_,37.605
memory\[29\]\[30\],37.6
_2132_,37.58
_3348_,37.57
_1648_,37.56
_1750_,37.56
_1795_,37.52
memory\[4\]\[19\],37.5
_1283_,37.46
memory\[28\]\[12\],37.46
memory\[16\]\[3\],37.42
memory\[25\]\[27\],37.42
_2108_,37.4
memory\[28\]\[30\],37.4
memory\[26\]\[6\],37.395
_3354_,37.3
memory\[7\]\[30\],37.3
_2276_,37.26
_1865_,37.2
_2067_,37.1
memory\[22\]\[5\],37.075
_1372_,37.06
_0022_,37.055
_0050_,37.04
memory\[9\]\[23\],37.04
memory\[15\]\[30\],37
memory\[26\]\[29\],36.94
_1849_,36.9
_1288_,36.87
memory\[0\]\[28\],36.82
memory\[24\]\[30\],36.8
_0282_,36.765
_1691_,36.74
memory\[28\]\[28\],36.695
memory\[12\]\[0\],36.68
memory\[13\]\[10\],36.68
memory\[3\]\[18\],36.66
_1858_,36.64
memory\[0\]\[10\],36.64
_3073_,36.62
memory\[0\]\[15\],36.62
memory\[15\]\[16\],36.58
memory\[5\]\[6\],36.58
memory\[27\]\[7\],36.57
memory\[15\]\[7\],36.52
net32,36.52
_1993_,36.46
memory\[4\]\[5\],36.46
_2001_,36.42
_1817_,36.32
memory\[1\]\[22\],36.32
memory\[14\]\[20\],36.31
_1943_,36.26
memory\[12\]\[31\],36.26
memory\[9\]\[8\],36.26
_1730_,36.255
memory\[12\]\[29\],36.24
memory\[8\]\[22\],36.24
memory\[27\]\[16\],36.23
_1610_,36.14
_0690_,36.125
memory\[10\]\[26\],36.115
memory\[29\]\[6\],36.08
_2214_,36.04
memory\[5\]\[30\],36.04
memory\[7\]\[20\],36.02
_1907_,35.98
_2346_,35.98
_1477_,35.92
memory\[30\]\[8\],35.91
memory\[31\]\[9\],35.89
_0708_,35.805
_2209_,35.73
memory\[12\]\[7\],35.7
memory\[25\]\[2\],35.67
clknet_1_1__leaf__2783_,35.66
memory\[9\]\[13\],35.64
memory\[23\]\[11\],35.62
memory\[18\]\[24\],35.61
_2213_,35.6
_2670_,35.54
_3163_,35.52
memory\[29\]\[28\],35.52
_1631_,35.44
memory\[5\]\[11\],35.42
_1269_,35.41
_2133_,35.41
_1605_,35.405
clknet_leaf_55_clk,35.4
memory\[13\]\[19\],35.38
memory\[17\]\[16\],35.38
memory\[30\]\[31\],35.345
memory\[9\]\[26\],35.28
_2420_,35.24
memory\[25\]\[30\],35.22
_1003_,35.185
_2350_,35.18
memory\[16\]\[21\],35.18
memory\[16\]\[18\],35.17
_1926_,35.08
memory\[19\]\[11\],35
memory\[17\]\[12\],34.95
memory\[5\]\[17\],34.9
memory\[11\]\[29\],34.86
memory\[17\]\[21\],34.86
_1988_,34.82
memory\[13\]\[4\],34.79
memory\[26\]\[20\],34.67
_1295_,34.62
_1894_,34.61
_2036_,34.6
_2169_,34.6
_3446_,34.56
memory\[23\]\[17\],34.56
memory\[8\]\[3\],34.54
_0163_,34.525
_2112_,34.51
memory\[10\]\[23\],34.495
memory\[17\]\[18\],34.48
_1309_,34.465
memory\[31\]\[22\],34.46
memory\[31\]\[8\],34.46
_1690_,34.42
memory\[6\]\[22\],34.41
_1882_,34.34
memory\[10\]\[17\],34.33
memory\[0\]\[21\],34.32
_1672_,34.28
memory\[4\]\[29\],34.28
memory\[13\]\[5\],34.24
clknet_0__2785_,34.22
memory\[18\]\[21\],34.21
memory\[26\]\[31\],34.2
_2148_,34.18
_2348_,34.14
memory\[16\]\[1\],34.14
memory\[17\]\[1\],34.1
memory\[8\]\[5\],34.1
clknet_leaf_91_clk,34.1
memory\[6\]\[2\],34.065
memory\[30\]\[28\],34.055
memory\[21\]\[31\],33.96
memory\[19\]\[29\],33.94
memory\[23\]\[14\],33.92
memory\[22\]\[27\],33.915
memory\[1\]\[12\],33.88
memory\[18\]\[7\],33.855
memory\[24\]\[28\],33.84
_0670_,33.78
memory\[20\]\[27\],33.76
memory\[29\]\[8\],33.74
memory\[23\]\[19\],33.7
_1636_,33.69
_1263_,33.68
memory\[16\]\[30\],33.68
memory\[19\]\[30\],33.68
memory\[22\]\[11\],33.67
_1342_,33.66
_3057_,33.66
data_out1[11],33.64
clknet_1_0__leaf__2785_,33.62
memory\[19\]\[14\],33.58
memory\[28\]\[23\],33.56
_2450_,33.55
memory\[23\]\[18\],33.52
memory\[22\]\[8\],33.515
memory\[13\]\[15\],33.5
_1497_,33.46
memory\[25\]\[4\],33.46
memory\[22\]\[7\],33.435
memory\[30\]\[7\],33.435
memory\[21\]\[13\],33.4
memory\[9\]\[28\],33.4
memory\[26\]\[9\],33.395
memory\[27\]\[9\],33.34
_0550_,33.305
memory\[7\]\[9\],33.3
memory\[18\]\[4\],33.27
memory\[15\]\[27\],33.24
memory\[28\]\[3\],33.24
memory\[1\]\[3\],33.22
memory\[17\]\[30\],33.2
memory\[4\]\[7\],33.18
_1270_,33.16
_2263_,33.16
memory\[25\]\[6\],33.14
_0376_,33.125
memory\[19\]\[18\],33.12
_1559_,33.1
memory\[11\]\[30\],33.09
memory\[7\]\[12\],33.06
_3391_,33.025
memory\[3\]\[3\],32.98
clknet_1_0__leaf__2787_,32.92
memory\[2\]\[29\],32.9
_1733_,32.86
_2610_,32.86
memory\[10\]\[24\],32.835
memory\[0\]\[2\],32.82
memory\[19\]\[0\],32.82
memory\[18\]\[20\],32.815
memory\[29\]\[14\],32.78
memory\[18\]\[18\],32.75
_1502_,32.74
_2996_,32.74
memory\[31\]\[4\],32.74
memory\[2\]\[30\],32.73
memory\[4\]\[16\],32.73
memory\[28\]\[26\],32.7
_1884_,32.68
_2360_,32.64
memory\[25\]\[22\],32.6
memory\[18\]\[16\],32.595
_1464_,32.58
memory\[16\]\[23\],32.54
memory\[19\]\[10\],32.49
memory\[23\]\[31\],32.48
_1910_,32.44
_1506_,32.38
memory\[0\]\[22\],32.38
memory\[4\]\[17\],32.38
_1776_,32.36
memory\[12\]\[9\],32.34
memory\[14\]\[18\],32.335
_2429_,32.3
_2713_,32.3
memory\[27\]\[26\],32.3
memory\[3\]\[29\],32.2
memory\[22\]\[28\],32.195
_0747_,32.095
memory\[18\]\[14\],32.07
memory\[3\]\[25\],32.06
memory\[14\]\[11\],32.04
memory\[1\]\[17\],32.04
clknet_1_1__leaf__2784_,32.04
_2037_,32.025
memory\[9\]\[19\],32.02
memory\[29\]\[24\],32.01
_3389_,31.98
_1906_,31.96
_1494_,31.95
memory\[12\]\[5\],31.94
memory\[29\]\[19\],31.92
memory\[10\]\[18\],31.895
_2313_,31.89
memory\[17\]\[15\],31.88
memory\[30\]\[10\],31.87
_1841_,31.835
_3418_,31.82
memory\[0\]\[23\],31.82
memory\[24\]\[1\],31.78
_1622_,31.76
memory\[22\]\[24\],31.73
memory\[31\]\[17\],31.72
memory\[11\]\[9\],31.64
memory\[7\]\[29\],31.64
_0048_,31.625
_2111_,31.6
_0283_,31.585
memory\[17\]\[17\],31.56
_1164_,31.52
memory\[13\]\[26\],31.52
memory\[5\]\[14\],31.51
_1760_,31.5
clknet_1_1__leaf__2787_,31.5
memory\[17\]\[10\],31.44
clknet_0__3446_,31.44
_0038_,31.42
memory\[31\]\[16\],31.42
memory\[30\]\[13\],31.41
_0722_,31.405
_0000_,31.38
memory\[21\]\[29\],31.36
memory\[21\]\[27\],31.28
memory\[3\]\[1\],31.28
_3258_,31.24
memory\[16\]\[22\],31.24
memory\[31\]\[30\],31.16
_1881_,31.125
memory\[10\]\[6\],31.09
_3129_,31.08
memory\[13\]\[23\],31.08
memory\[1\]\[27\],31.04
memory\[27\]\[25\],31.02
_3025_,31
memory\[22\]\[25\],30.99
_0759_,30.965
_1777_,30.96
_3403_,30.96
memory\[1\]\[31\],30.94
memory\[4\]\[21\],30.94
memory\[14\]\[5\],30.93
memory\[22\]\[30\],30.89
memory\[28\]\[19\],30.86
memory\[5\]\[21\],30.84
_1434_,30.82
_1707_,30.82
memory\[11\]\[1\],30.8
memory\[20\]\[23\],30.78
memory\[28\]\[21\],30.78
_0005_,30.765
memory\[11\]\[27\],30.75
_2188_,30.72
_2333_,30.72
memory\[20\]\[12\],30.7
memory\[11\]\[5\],30.66
net1152,30.64
memory\[18\]\[17\],30.625
memory\[23\]\[22\],30.62
_0047_,30.6
memory\[10\]\[29\],30.58
memory\[29\]\[27\],30.58
memory\[4\]\[8\],30.58
memory\[8\]\[17\],30.58
_0001_,30.525
memory\[24\]\[6\],30.46
_1901_,30.44
_3152_,30.44
memory\[14\]\[2\],30.395
memory\[30\]\[25\],30.39
memory\[14\]\[13\],30.385
memory\[8\]\[1\],30.38
_2377_,30.285
memory\[3\]\[22\],30.27
memory\[20\]\[20\],30.26
memory\[1\]\[11\],30.24
_0014_,30.205
_1562_,30.14
memory\[2\]\[8\],30.115
_1637_,30.1
memory\[31\]\[28\],30.08
clknet_1_1__leaf__3445_,30.08
_1662_,30.025
memory\[2\]\[26\],30.015
memory\[6\]\[30\],30.005
_3162_,29.96
_2537_,29.94
memory\[8\]\[31\],29.9
_2398_,29.87
memory\[28\]\[20\],29.84
_1583_,29.76
memory\[19\]\[15\],29.75
_2218_,29.745
_1300_,29.72
clknet_leaf_101_clk,29.7
memory\[27\]\[27\],29.68
memory\[10\]\[20\],29.65
memory\[29\]\[17\],29.61
_1508_,29.6
memory\[2\]\[7\],29.555
_2068_,29.54
memory\[8\]\[26\],29.54
_3190_,29.52
memory\[20\]\[17\],29.52
_2140_,29.51
memory\[10\]\[25\],29.49
_3426_,29.48
memory\[16\]\[29\],29.44
memory\[20\]\[25\],29.42
memory\[24\]\[26\],29.42
memory\[30\]\[18\],29.37
_2275_,29.365
memory\[19\]\[8\],29.36
memory\[23\]\[9\],29.36
memory\[31\]\[10\],29.36
memory\[16\]\[25\],29.32
memory\[9\]\[27\],29.32
memory\[29\]\[15\],29.3
_3289_,29.28
memory\[4\]\[31\],29.24
memory\[5\]\[19\],29.23
memory\[1\]\[6\],29.16
memory\[2\]\[17\],29.16
memory\[15\]\[4\],29.14
memory\[21\]\[19\],29.12
_2446_,29.1
_0836_,29.065
_1294_,29.04
memory\[6\]\[3\],29.04
_1921_,29.02
memory\[13\]\[21\],29.02
memory\[7\]\[15\],29
memory\[10\]\[28\],28.975
_2058_,28.94
_2098_,28.94
memory\[25\]\[11\],28.9
memory\[25\]\[23\],28.9
clknet_leaf_75_clk,28.86
_2312_,28.84
_3408_,28.74
_0418_,28.705
_2992_,28.7
net1100,28.7
_1030_,28.645
_3416_,28.62
memory\[13\]\[16\],28.62
_1740_,28.6
memory\[25\]\[8\],28.6
memory\[17\]\[9\],28.54
memory\[0\]\[0\],28.52
memory\[20\]\[1\],28.52
_0738_,28.485
_1716_,28.48
_2084_,28.44
memory\[22\]\[29\],28.435
data_out2[19],28.42
memory\[5\]\[31\],28.42
memory\[13\]\[24\],28.4
memory\[19\]\[4\],28.4
memory\[13\]\[22\],28.36
memory\[24\]\[12\],28.33
_1231_,28.32
memory\[10\]\[1\],28.31
_1121_,28.305
_1643_,28.3
memory\[3\]\[17\],28.28
_1803_,28.26
_2314_,28.2
memory\[20\]\[14\],28.18
memory\[7\]\[7\],28.18
_2343_,28.17
_1217_,28.16
memory\[11\]\[31\],28.14
memory\[28\]\[27\],28.14
memory\[29\]\[7\],28.14
memory\[1\]\[0\],28.12
data_out2[23],28.1
memory\[15\]\[1\],28.1
memory\[28\]\[7\],28.1
_0031_,28.085
clknet_1_1__leaf__2785_,28.08
_1255_,28.065
memory\[8\]\[24\],28.02
_0642_,27.98
memory\[7\]\[16\],27.98
_0307_,27.965
memory\[28\]\[24\],27.94
_2287_,27.93
_2722_,27.92
_0926_,27.905
_1715_,27.9
memory\[27\]\[24\],27.9
memory\[21\]\[4\],27.88
memory\[24\]\[14\],27.86
memory\[12\]\[3\],27.84
memory\[21\]\[26\],27.84
memory\[7\]\[13\],27.84
_1920_,27.82
memory\[13\]\[13\],27.82
memory\[19\]\[2\],27.82
memory\[19\]\[31\],27.82
memory\[29\]\[20\],27.735
_0035_,27.725
memory\[3\]\[10\],27.7
memory\[30\]\[27\],27.69
memory\[20\]\[26\],27.68
_2165_,27.66
memory\[13\]\[0\],27.66
_1834_,27.64
memory\[8\]\[8\],27.615
memory\[15\]\[0\],27.6
memory\[1\]\[30\],27.6
memory\[3\]\[5\],27.6
memory\[27\]\[11\],27.595
_2422_,27.58
memory\[9\]\[11\],27.56
_1416_,27.54
memory\[13\]\[20\],27.54
_1316_,27.53
_2207_,27.52
memory\[3\]\[13\],27.475
_2212_,27.46
memory\[6\]\[6\],27.46
memory\[13\]\[29\],27.44
memory\[3\]\[2\],27.4
memory\[28\]\[9\],27.38
memory\[26\]\[14\],27.375
_0755_,27.325
_1160_,27.32
_1516_,27.32
_0857_,27.305
_2114_,27.3
memory\[0\]\[14\],27.28
memory\[20\]\[2\],27.26
_2491_,27.24
memory\[15\]\[25\],27.24
_2237_,27.235
memory\[15\]\[8\],27.2
_3019_,27.18
_0923_,27.155
_2088_,27.14
memory\[21\]\[3\],27.14
memory\[18\]\[31\],27.11
_1540_,27.1
_1629_,27.1
memory\[28\]\[18\],27.1
memory\[28\]\[29\],27.1
memory\[15\]\[15\],27.08
memory\[12\]\[25\],27.04
memory\[29\]\[21\],27.04
_3016_,27.02
_1454_,27
_3001_,27
memory\[12\]\[20\],27
memory\[10\]\[30\],26.99
memory\[15\]\[29\],26.98
_1330_,26.96
_1538_,26.96
_2714_,26.96
_3135_,26.94
memory\[25\]\[24\],26.91
_2071_,26.9
_2799_,26.9
memory\[13\]\[27\],26.88
memory\[14\]\[24\],26.875
_2383_,26.84
memory\[12\]\[13\],26.84
memory\[24\]\[9\],26.84
memory\[15\]\[19\],26.82
memory\[8\]\[29\],26.82
memory\[9\]\[14\],26.82
_0673_,26.805
_0011_,26.8
memory\[24\]\[24\],26.8
memory\[18\]\[11\],26.795
memory\[14\]\[16\],26.79
_0187_,26.785
_2147_,26.78
_3121_,26.78
memory\[28\]\[11\],26.78
_3349_,26.72
memory\[3\]\[12\],26.72
_1438_,26.675
memory\[29\]\[11\],26.62
_2135_,26.6
_3169_,26.6
memory\[29\]\[26\],26.56
_1441_,26.54
_1442_,26.52
memory\[15\]\[18\],26.5
memory\[3\]\[9\],26.48
_1211_,26.46
_2176_,26.46
clknet_0__2784_,26.46
memory\[30\]\[19\],26.4
memory\[26\]\[2\],26.395
memory\[18\]\[10\],26.39
_1504_,26.38
memory\[13\]\[7\],26.36
_2795_,26.32
_1347_,26.28
_1406_,26.28
memory\[12\]\[4\],26.28
memory\[14\]\[14\],26.245
_2887_,26.2
memory\[6\]\[29\],26.175
memory\[27\]\[6\],26.16
_1919_,26.14
clknet_leaf_42_clk,26.14
memory\[5\]\[8\],26.12
_1575_,26.1
_1765_,26.1
memory\[20\]\[13\],26.08
_1334_,26
_1072_,25.965
_1566_,25.96
memory\[19\]\[23\],25.96
memory\[25\]\[19\],25.96
_2271_,25.925
memory\[25\]\[28\],25.9
memory\[8\]\[20\],25.9
memory\[25\]\[26\],25.88
net826,25.88
_1452_,25.86
_2938_,25.86
_2331_,25.85
_2004_,25.82
memory\[20\]\[5\],25.82
memory\[7\]\[26\],25.82
_1410_,25.8
_1458_,25.8
_1732_,25.8
_3056_,25.76
memory\[12\]\[22\],25.76
memory\[4\]\[15\],25.76
memory\[2\]\[21\],25.755
_2375_,25.72
_1421_,25.715
memory\[29\]\[2\],25.7
_1371_,25.64
memory\[21\]\[7\],25.64
memory\[7\]\[11\],25.6
memory\[31\]\[11\],25.58
memory\[0\]\[8\],25.56
memory\[12\]\[19\],25.54
_1983_,25.535
memory\[26\]\[17\],25.535
_2677_,25.52
_3185_,25.52
memory\[6\]\[7\],25.51
_1471_,25.5
_3266_,25.5
memory\[13\]\[8\],25.5
memory\[5\]\[28\],25.5
memory\[0\]\[11\],25.48
_2415_,25.45
_1670_,25.42
_2054_,25.42
memory\[28\]\[14\],25.42
_0671_,25.405
_1600_,25.4
memory\[21\]\[6\],25.4
data_out2[27],25.37
_1437_,25.36
memory\[3\]\[31\],25.36
memory\[13\]\[18\],25.32
memory\[6\]\[12\],25.315
_0040_,25.305
memory\[0\]\[13\],25.3
_3396_,25.29
_1739_,25.28
_0216_,25.265
_2563_,25.26
_0030_,25.245
memory\[6\]\[15\],25.24
memory\[3\]\[14\],25.23
_1373_,25.22
_1888_,25.22
_2366_,25.22
memory\[12\]\[17\],25.22
_0877_,25.205
memory\[24\]\[25\],25.2
memory\[3\]\[8\],25.2
memory\[25\]\[3\],25.18
_3415_,25.16
memory\[30\]\[1\],25.155
_3124_,25.14
memory\[4\]\[14\],25.14
memory\[24\]\[16\],25.1
memory\[30\]\[5\],25.095
_0373_,25.085
_0896_,25.08
_0852_,25.025
_1774_,25.02
clknet_1_0__leaf__2786_,25.02
memory\[23\]\[8\],24.96
memory\[23\]\[6\],24.9
_1734_,24.845
memory\[25\]\[21\],24.84
memory\[22\]\[4\],24.835
memory\[3\]\[21\],24.82
_1621_,24.8
_2345_,24.8
memory\[0\]\[17\],24.78
_2192_,24.77
_2371_,24.76
_3000_,24.76
_1647_,24.74
_2311_,24.74
_1450_,24.72
memory\[31\]\[6\],24.72
memory\[23\]\[5\],24.7
_0039_,24.685
_2040_,24.66
_0824_,24.645
memory\[30\]\[17\],24.63
_0575_,24.61
_0446_,24.6
_2724_,24.6
clknet_1_1__leaf__3446_,24.6
memory\[14\]\[26\],24.575
memory\[0\]\[6\],24.56
memory\[15\]\[26\],24.56
_0029_,24.545
_1980_,24.54
memory\[5\]\[23\],24.54
_0514_,24.505
_1957_,24.5
_0965_,24.465
_1853_,24.46
_3168_,24.44
memory\[21\]\[5\],24.44
_0451_,24.425
memory\[15\]\[13\],24.42
memory\[2\]\[15\],24.415
memory\[28\]\[0\],24.36
_3070_,24.34
_0010_,24.305
_2404_,24.3
memory\[24\]\[27\],24.28
_1382_,24.26
_3411_,24.22
memory\[11\]\[17\],24.22
net1042,24.18
_2254_,24.165
_1929_,24.16
memory\[15\]\[3\],24.16
memory\[9\]\[16\],24.12
memory\[14\]\[4\],24.11
_1784_,24.08
memory\[12\]\[27\],24.06
memory\[16\]\[24\],24.06
_3417_,24.02
memory\[10\]\[7\],24.015
_1918_,23.965
_1512_,23.96
memory\[11\]\[20\],23.94
memory\[15\]\[2\],23.94
_0461_,23.925
_2705_,23.92
memory\[7\]\[22\],23.92
_1749_,23.9
_0894_,23.875
_1507_,23.86
memory\[30\]\[0\],23.85
memory\[11\]\[22\],23.82
memory\[31\]\[24\],23.82
_0593_,23.765
_2546_,23.76
memory\[7\]\[21\],23.76
_2157_,23.75
memory\[10\]\[3\],23.695
memory\[2\]\[0\],23.695
_0497_,23.665
_2666_,23.66
memory\[27\]\[10\],23.66
memory\[2\]\[2\],23.655
_2726_,23.64
memory\[22\]\[19\],23.635
_1854_,23.62
memory\[23\]\[0\],23.62
_3165_,23.58
memory\[17\]\[7\],23.58
memory\[30\]\[29\],23.575
memory\[31\]\[5\],23.56
net903,23.54
memory\[21\]\[16\],23.52
_0394_,23.485
_1356_,23.48
memory\[7\]\[6\],23.48
memory\[16\]\[6\],23.47
_3120_,23.46
memory\[21\]\[20\],23.46
memory\[22\]\[2\],23.45
_2873_,23.42
memory\[17\]\[19\],23.4
_1277_,23.38
_0962_,23.365
memory\[31\]\[26\],23.36
memory\[30\]\[3\],23.355
_3421_,23.34
memory\[26\]\[30\],23.335
_1887_,23.3
memory\[21\]\[11\],23.3
_0393_,23.265
_0828_,23.265
_1763_,23.24
_2325_,23.24
memory\[31\]\[1\],23.24
_1525_,23.2
memory\[1\]\[14\],23.18
_1756_,23.16
_1683_,23.14
_0812_,23.125
memory\[30\]\[12\],23.115
_0397_,23.085
_1266_,23.08
memory\[2\]\[6\],23.07
_0271_,23.045
memory\[20\]\[10\],23.04
_1108_,23.035
memory\[15\]\[24\],23.02
_0552_,23.015
_1654_,23
_1329_,22.98
_2168_,22.96
memory\[12\]\[8\],22.96
memory\[27\]\[31\],22.96
memory\[26\]\[26\],22.935
memory\[6\]\[28\],22.93
memory\[22\]\[13\],22.89
_0818_,22.885
memory\[14\]\[10\],22.87
_1112_,22.865
_1722_,22.855
memory\[19\]\[21\],22.84
memory\[18\]\[13\],22.83
net907,22.8
_0400_,22.745
_3026_,22.72
net388,22.72
memory\[25\]\[1\],22.7
_0513_,22.665
memory\[16\]\[20\],22.64
memory\[7\]\[5\],22.64
memory\[30\]\[14\],22.635
_2193_,22.62
_2926_,22.62
memory\[19\]\[20\],22.62
net846,22.62
memory\[11\]\[28\],22.6
memory\[17\]\[22\],22.58
net1102,22.58
_1307_,22.56
_1365_,22.54
memory\[27\]\[23\],22.54
memory\[3\]\[27\],22.54
_3074_,22.5
memory\[15\]\[21\],22.5
_0042_,22.485
memory\[15\]\[12\],22.47
memory\[30\]\[21\],22.47
_1377_,22.46
_1459_,22.46
_3032_,22.46
_3399_,22.46
memory\[25\]\[18\],22.46
memory\[6\]\[1\],22.45
_0908_,22.445
memory\[12\]\[24\],22.42
memory\[12\]\[6\],22.42
_1396_,22.38
_2823_,22.38
memory\[16\]\[27\],22.38
clknet_1_0__leaf__2784_,22.38
memory\[17\]\[5\],22.36
_2746_,22.34
_3204_,22.34
memory\[19\]\[9\],22.34
_0785_,22.325
_2783_,22.32
memory\[31\]\[14\],22.31
_3076_,22.3
memory\[11\]\[8\],22.3
_0721_,22.285
memory\[3\]\[23\],22.28
memory\[29\]\[31\],22.26
_1908_,22.255
_0664_,22.245
_2612_,22.22
net1097,22.22
memory\[14\]\[0\],22.195
_1402_,22.185
_2418_,22.18
memory\[10\]\[9\],22.17
_1935_,22.165
memory\[6\]\[25\],22.165
memory\[11\]\[25\],22.16
memory\[6\]\[5\],22.16
memory\[16\]\[26\],22.14
memory\[9\]\[15\],22.14
_1078_,22.125
memory\[0\]\[4\],22.1
memory\[2\]\[23\],22.095
_0931_,22.085
_0056_,22.08
_2869_,22.08
memory\[15\]\[23\],22.08
_0272_,22.045
_1574_,22.04
memory\[18\]\[12\],22.025
net257,22.02
memory\[24\]\[0\],22
net851,21.96
memory\[2\]\[10\],21.94
_2090_,21.92
memory\[12\]\[1\],21.92
_0615_,21.905
memory\[22\]\[20\],21.895
memory\[2\]\[4\],21.88
memory\[11\]\[14\],21.84
memory\[31\]\[3\],21.84
_0353_,21.825
memory\[13\]\[31\],21.82
memory\[22\]\[14\],21.79
_0506_,21.785
_1368_,21.78
_2055_,21.78
data_in[17],21.78
memory\[4\]\[22\],21.78
_0788_,21.765
memory\[14\]\[23\],21.76
_0287_,21.745
_0549_,21.745
_3286_,21.74
memory\[16\]\[7\],21.72
memory\[23\]\[21\],21.72
_2368_,21.715
memory\[11\]\[26\],21.71
memory\[2\]\[31\],21.71
_2291_,21.7
_2299_,21.7
_3011_,21.7
_3164_,21.7
_1045_,21.685
_1534_,21.66
_2710_,21.66
_3395_,21.66
_2072_,21.645
_0570_,21.625
_1061_,21.625
memory\[15\]\[31\],21.62
memory\[2\]\[3\],21.615
_2087_,21.6
memory\[22\]\[31\],21.58
_2242_,21.52
memory\[12\]\[28\],21.5
_2166_,21.495
_2222_,21.485
_1958_,21.48
_2338_,21.46
memory\[17\]\[29\],21.46
_1206_,21.44
memory\[2\]\[24\],21.43
_0784_,21.385
_3015_,21.34
memory\[18\]\[28\],21.33
_1476_,21.32
memory\[9\]\[21\],21.32
memory\[6\]\[17\],21.315
_2892_,21.3
memory\[1\]\[10\],21.28
memory\[12\]\[2\],21.26
memory\[30\]\[16\],21.25
_2326_,21.245
_3195_,21.22
memory\[23\]\[20\],21.22
_3186_,21.2
memory\[9\]\[30\],21.16
_0843_,21.085
_1320_,21.045
memory\[13\]\[3\],21.04
_1258_,21.02
_2716_,21.02
memory\[26\]\[19\],21.015
_0951_,21.005
memory\[4\]\[26\],20.98
_2423_,20.96
net491,20.94
memory\[10\]\[5\],20.93
memory\[2\]\[11\],20.93
_2181_,20.9
_2396_,20.9
_2021_,20.89
_1561_,20.875
_2047_,20.86
_2150_,20.86
_1456_,20.84
memory\[12\]\[23\],20.84
memory\[20\]\[30\],20.84
memory\[21\]\[12\],20.84
memory\[7\]\[0\],20.84
memory\[9\]\[12\],20.84
memory\[2\]\[13\],20.815
_1449_,20.8
_1572_,20.8
_2110_,20.78
_3293_,20.74
_0291_,20.725
_1451_,20.7
_1594_,20.7
_2699_,20.7
memory\[2\]\[18\],20.695
_0021_,20.685
_1487_,20.68
memory\[24\]\[10\],20.64
_1676_,20.62
memory\[23\]\[2\],20.62
memory\[3\]\[26\],20.56
_3309_,20.54
_3072_,20.52
_1568_,20.5
memory\[31\]\[19\],20.5
_0653_,20.485
_1696_,20.465
net752,20.46
_0189_,20.425
_1517_,20.42
_3189_,20.42
memory\[4\]\[4\],20.42
net1080,20.42
_1924_,20.4
net678,20.4
_0248_,20.385
_1751_,20.38
_0335_,20.365
_0696_,20.365
memory\[24\]\[2\],20.36
net739,20.34
_1852_,20.32
_1035_,20.305
net836,20.3
memory\[3\]\[15\],20.29
_0501_,20.285
_3243_,20.26
_1214_,20.24
memory\[15\]\[17\],20.24
memory\[4\]\[13\],20.24
memory\[18\]\[23\],20.235
_0942_,20.225
_1113_,20.225
_1031_,20.205
memory\[9\]\[20\],20.2
_0441_,20.185
memory\[7\]\[14\],20.18
memory\[6\]\[14\],20.175
_2567_,20.16
memory\[21\]\[8\],20.16
memory\[4\]\[2\],20.16
memory\[29\]\[29\],20.14
memory\[26\]\[18\],20.13
_0060_,20.125
_0028_,20.12
memory\[11\]\[18\],20.12
memory\[7\]\[28\],20.12
net551,20.12
memory\[8\]\[10\],20.06
_3260_,20.04
memory\[20\]\[18\],20.04
_0463_,20.035
_0875_,20.025
_1860_,20.02
_2590_,20
_1688_,19.98
memory\[21\]\[17\],19.98
net1084,19.98
memory\[4\]\[30\],19.96
net1045,19.96
_1351_,19.94
_2579_,19.94
memory\[13\]\[28\],19.94
memory\[30\]\[15\],19.935
memory\[2\]\[25\],19.92
_3203_,19.9
memory\[14\]\[28\],19.885
net194,19.88
_0728_,19.88
_1453_,19.88
memory\[18\]\[19\],19.835
_0739_,19.825
_2616_,19.8
data_addr1[0],19.8
memory\[21\]\[2\],19.8
memory\[5\]\[9\],19.8
_0041_,19.785
_1563_,19.78
_1639_,19.78
memory\[18\]\[29\],19.78
memory\[23\]\[30\],19.78
_1474_,19.74
_1883_,19.74
net1030,19.74
_0168_,19.725
memory\[5\]\[25\],19.7
memory\[13\]\[1\],19.68
net784,19.66
_2260_,19.64
_2975_,19.64
_3420_,19.64
_1140_,19.615
memory\[20\]\[31\],19.58
net1018,19.58
_0396_,19.565
memory\[14\]\[1\],19.56
memory\[7\]\[10\],19.56
_0803_,19.525
_2167_,19.52
memory\[13\]\[25\],19.52
_0858_,19.485
_2848_,19.48
_1944_,19.46
memory\[11\]\[24\],19.46
memory\[12\]\[26\],19.46
_3155_,19.44
memory\[0\]\[18\],19.4
_2551_,19.38
_2969_,19.36
memory\[27\]\[0\],19.36
memory\[31\]\[23\],19.34
net349,19.34
_3240_,19.32
memory\[24\]\[5\],19.32
net325,19.32
memory\[30\]\[11\],19.305
_1564_,19.3
_2253_,19.3
memory\[24\]\[31\],19.3
net723,19.28
_0323_,19.275
net1136,19.26
_0869_,19.225
_0895_,19.225
net867,19.2
_1469_,19.18
_2211_,19.18
_0626_,19.165
memory\[19\]\[7\],19.16
memory\[6\]\[13\],19.11
_2297_,19.1
_2961_,19.06
_2151_,19.02
_2177_,19.02
memory\[1\]\[16\],19.02
_1513_,19.005
_1083_,18.985
_2852_,18.98
memory\[20\]\[29\],18.98
_3192_,18.96
net663,18.96
memory\[13\]\[11\],18.95
memory\[30\]\[30\],18.95
_0450_,18.945
_1400_,18.94
_2425_,18.94
net472,18.94
memory\[11\]\[23\],18.92
_0180_,18.905
_0419_,18.905
_0645_,18.895
memory\[22\]\[3\],18.895
_0036_,18.86
_1555_,18.86
_1896_,18.86
_2734_,18.855
memory\[3\]\[30\],18.82
net1140,18.82
_1723_,18.78
memory\[19\]\[17\],18.78
memory\[31\]\[2\],18.78
_0533_,18.765
_1116_,18.745
memory\[8\]\[27\],18.74
_0333_,18.725
_2394_,18.72
_2896_,18.72
_2426_,18.7
_0027_,18.695
_0051_,18.695
memory\[14\]\[12\],18.685
_1656_,18.68
_3423_,18.68
memory\[17\]\[0\],18.68
memory\[0\]\[20\],18.66
_1617_,18.64
_0929_,18.625
net919,18.62
_2401_,18.6
net1101,18.6
memory\[30\]\[24\],18.595
memory\[22\]\[17\],18.59
data_out2[5],18.58
memory\[19\]\[25\],18.56
net1091,18.56
memory\[22\]\[0\],18.55
_0183_,18.545
memory\[9\]\[29\],18.54
_0589_,18.535
_0440_,18.525
_1210_,18.52
data_out1[31],18.49
_0934_,18.485
_1772_,18.48
_3114_,18.48
_0555_,18.445
_0569_,18.445
memory\[13\]\[17\],18.44
net278,18.44
memory\[26\]\[3\],18.435
_0399_,18.425
memory\[14\]\[15\],18.415
_2805_,18.4
_0735_,18.285
net1015,18.28
net1103,18.28
memory\[3\]\[28\],18.26
_0742_,18.245
memory\[25\]\[17\],18.24
memory\[10\]\[21\],18.23
memory\[9\]\[2\],18.22
net454,18.22
memory\[15\]\[14\],18.2
memory\[23\]\[3\],18.2
_3268_,18.18
memory\[26\]\[10\],18.175
_1748_,18.14
_0346_,18.125
data_out2[15],18.12
memory\[30\]\[23\],18.105
net317,18.1
net1034,18.1
net1073,18.1
memory\[24\]\[18\],18.08
net384,18.06
_0487_,18.045
memory\[24\]\[20\],18.02
net761,18.02
net835,18.02
memory\[31\]\[0\],17.98
_0707_,17.965
_0786_,17.965
_2966_,17.94
net193,17.9
_2380_,17.9
memory\[4\]\[12\],17.9
_0214_,17.88
_2321_,17.88
_1738_,17.87
memory\[30\]\[26\],17.86
net332,17.86
memory\[26\]\[23\],17.85
_0385_,17.825
memory\[19\]\[28\],17.82
memory\[3\]\[6\],17.82
_0315_,17.765
_0404_,17.765
_1024_,17.755
_0401_,17.745
_2577_,17.74
memory\[27\]\[19\],17.74
memory\[29\]\[12\],17.72
memory\[4\]\[6\],17.72
_2941_,17.7
_0756_,17.685
_2679_,17.68
net695,17.68
_3069_,17.66
memory\[1\]\[8\],17.66
_0232_,17.645
_2362_,17.64
memory\[25\]\[9\],17.64
_1013_,17.625
net267,17.62
net303,17.62
net755,17.58
_0503_,17.565
_0714_,17.525
_2351_,17.525
_1115_,17.52
_2622_,17.52
_2971_,17.52
_0822_,17.485
_2007_,17.48
memory\[31\]\[20\],17.48
memory\[2\]\[14\],17.47
_1954_,17.46
_2172_,17.46
memory\[3\]\[0\],17.46
memory\[6\]\[4\],17.43
_1222_,17.425
_0621_,17.405
memory\[24\]\[8\],17.36
net272,17.36
memory\[26\]\[5\],17.35
_2183_,17.34
memory\[30\]\[6\],17.315
_0310_,17.305
_2786_,17.3
_3337_,17.3
memory\[29\]\[9\],17.28
memory\[3\]\[16\],17.28
_0916_,17.265
_0331_,17.26
_3407_,17.26
memory\[19\]\[26\],17.26
net864,17.26
_0135_,17.225
data_in[9],17.22
net741,17.22
memory\[10\]\[27\],17.215
data_out2[18],17.2
memory\[14\]\[17\],17.195
_1741_,17.18
memory\[2\]\[1\],17.175
_3422_,17.16
net223,17.16
_0574_,17.145
net834,17.14
_0215_,17.125
_0847_,17.12
memory\[15\]\[22\],17.12
net473,17.12
memory\[14\]\[19\],17.115
memory\[30\]\[20\],17.115
_1215_,17.1
net234,17.1
memory\[26\]\[8\],17.09
_0559_,17.065
_0878_,17.065
_2532_,17.06
net1087,17.06
_0131_,17.045
_2303_,17.04
_1465_,17.02
_2081_,17.02
_2728_,17.02
_0551_,17.015
_1782_,17
_0546_,16.985
_1409_,16.96
_0061_,16.935
net122,16.925
memory\[20\]\[16\],16.9
memory\[23\]\[16\],16.9
_0674_,16.885
_0337_,16.875
memory\[11\]\[13\],16.86
memory\[7\]\[3\],16.86
_1389_,16.84
_1632_,16.84
_1666_,16.84
_2228_,16.83
_0457_,16.825
_3118_,16.8
net829,16.8
_1671_,16.79
_2545_,16.79
_0535_,16.785
memory\[17\]\[8\],16.78
memory\[14\]\[22\],16.77
_2846_,16.76
net624,16.76
_2898_,16.74
_1599_,16.72
_1905_,16.72
_3111_,16.72
_3360_,16.72
net476,16.72
net676,16.72
_0754_,16.705
_0366_,16.685
_0568_,16.685
_0358_,16.665
memory\[15\]\[10\],16.66
memory\[19\]\[19\],16.66
memory\[31\]\[25\],16.64
memory\[27\]\[18\],16.62
_1747_,16.605
memory\[9\]\[1\],16.6
_0939_,16.585
_1111_,16.585
_1446_,16.58
_0808_,16.565
net887,16.56
_0776_,16.545
memory\[21\]\[24\],16.52
net1149,16.52
_1174_,16.5
_1143_,16.485
_2155_,16.46
_1103_,16.435
_2070_,16.42
_2414_,16.42
_3103_,16.42
memory\[15\]\[28\],16.42
_0675_,16.405
_1481_,16.4
_3255_,16.4
_1565_,16.38
_0199_,16.365
_0767_,16.365
memory\[14\]\[8\],16.365
_1420_,16.36
_2953_,16.36
memory\[8\]\[25\],16.36
_0820_,16.355
_0012_,16.345
_0343_,16.345
_2354_,16.34
net701,16.34
_0184_,16.325
_1898_,16.315
_0474_,16.305
_1355_,16.3
_3128_,16.3
_0741_,16.285
_2628_,16.26
_3292_,16.26
net358,16.26
net966,16.26
net407,16.24
net617,16.24
_2402_,16.22
_3115_,16.22
net341,16.22
net859,16.22
_2074_,16.2
memory\[28\]\[4\],16.2
_1703_,16.18
_1139_,16.165
memory\[10\]\[19\],16.165
_3086_,16.14
memory\[0\]\[16\],16.14
memory\[2\]\[16\],16.13
_0511_,16.125
_1847_,16.1
memory\[8\]\[21\],16.1
net310,16.08
memory\[1\]\[18\],16.06
net904,16.06
_0480_,16.045
net1162,16.04
_1358_,16.035
_0132_,16.025
_0357_,16.005
data_in[24],16
_0870_,15.975
net195,15.96
memory\[2\]\[12\],15.955
_3119_,15.94
_1930_,15.92
net520,15.92
memory\[18\]\[30\],15.915
memory\[6\]\[23\],15.885
_1792_,15.88
_3037_,15.88
memory\[25\]\[7\],15.88
memory\[29\]\[1\],15.88
net416,15.88
net576,15.88
net797,15.88
_2925_,15.84
_3061_,15.84
_0699_,15.835
net938,15.82
_0716_,15.805
_2645_,15.8
memory\[27\]\[3\],15.8
memory\[7\]\[17\],15.8
net968,15.8
net1095,15.8
net1159,15.8
_2582_,15.78
memory\[3\]\[24\],15.77
_3136_,15.76
memory\[9\]\[24\],15.76
_1668_,15.75
_1533_,15.72
_3343_,15.72
memory\[20\]\[15\],15.72
net612,15.72
net198,15.68
net1107,15.68
_0459_,15.665
_0499_,15.665
_1136_,15.645
_1644_,15.64
_2399_,15.64
_0165_,15.625
_1074_,15.625
_0280_,15.605
_0608_,15.605
_2085_,15.6
_2413_,15.6
_2883_,15.6
_0164_,15.585
_0866_,15.585
_0927_,15.56
_1652_,15.56
_0944_,15.545
net789,15.52
net1021,15.51
_0438_,15.505
_2829_,15.5
_2894_,15.5
net1036,15.5
_1413_,15.48
_3315_,15.48
_0251_,15.465
_1720_,15.46
_2503_,15.46
_2649_,15.46
_0351_,15.445
_2976_,15.44
memory\[22\]\[15\],15.435
memory\[21\]\[14\],15.42
net758,15.42
net1126,15.4
memory\[21\]\[9\],15.38
_0840_,15.365
data_out1[10],15.36
net604,15.36
_0190_,15.345
_2561_,15.34
_2979_,15.34
_3014_,15.34
memory\[17\]\[3\],15.34
net627,15.34
net712,15.34
_2201_,15.325
_3003_,15.32
_0486_,15.305
_2970_,15.3
memory\[17\]\[28\],15.3
memory\[28\]\[25\],15.3
_2932_,15.28
net356,15.28
net387,15.28
net850,15.28
net668,15.26
_3004_,15.22
memory\[29\]\[4\],15.22
_0516_,15.205
memory\[25\]\[5\],15.2
memory\[26\]\[24\],15.185
net875,15.18
_0528_,15.175
_0899_,15.165
_2006_,15.16
_1868_,15.14
_2050_,15.14
_2825_,15.14
_0823_,15.125
net565,15.12
_0429_,15.105
memory\[3\]\[7\],15.1
_0478_,15.085
_1535_,15.065
_1630_,15.06
memory\[28\]\[5\],15.06
_3055_,15.04
_3397_,15.04
net822,15.04
net947,15.04
net130,15.025
memory\[23\]\[7\],15.02
_2131_,15
_3020_,15
net215,15
net446,15
net999,15
_3059_,14.98
_0798_,14.965
_0865_,14.945
_0417_,14.925
_0462_,14.925
_2419_,14.925
_2614_,14.92
_3363_,14.92
memory\[21\]\[10\],14.92
memory\[27\]\[20\],14.92
memory\[22\]\[9\],14.915
_0783_,14.905
_1501_,14.9
net659,14.9
net865,14.9
net1142,14.9
memory\[21\]\[1\],14.88
net540,14.88
net430,14.86
net192,14.84
_0531_,14.82
net974,14.82
_0953_,14.805
_1056_,14.805
_1284_,14.805
_0284_,14.78
_0694_,14.765
_0952_,14.765
_1145_,14.765
_2641_,14.76
net650,14.76
net1074,14.755
net1004,14.74
_2430_,14.72
net1148,14.68
_1224_,14.66
_1068_,14.645
_2850_,14.64
_0801_,14.625
_0443_,14.6
_2635_,14.58
_2922_,14.56
_2270_,14.54
_0777_,14.525
_2182_,14.52
memory\[20\]\[19\],14.5
memory\[9\]\[9\],14.5
memory\[4\]\[23\],14.48
_1379_,14.465
_2324_,14.46
_2570_,14.46
_3160_,14.46
net916,14.46
_0019_,14.455
_0778_,14.445
_0171_,14.425
_0395_,14.425
net626,14.42
_3316_,14.4
_1545_,14.38
_2130_,14.38
_0771_,14.365
_0445_,14.345
_0731_,14.345
_1232_,14.34
_2365_,14.34
_2784_,14.34
net625,14.34
net804,14.34
_0917_,14.32
_1677_,14.3
_2143_,14.3
_2158_,14.3
memory\[3\]\[11\],14.3
net418,14.3
memory\[19\]\[24\],14.28
memory\[4\]\[10\],14.28
net1053,14.28
_2583_,14.26
memory\[29\]\[0\],14.26
net383,14.26
net401,14.26
_2264_,14.25
_0652_,14.245
_2785_,14.24
_2945_,14.24
memory\[3\]\[19\],14.22
net847,14.22
_2095_,14.215
_0564_,14.145
net1022,14.14
_0693_,14.125
_2409_,14.12
_3017_,14.12
net715,14.12
net801,14.12
net930,14.12
_0727_,14.105
net139,14.105
data_in[19],14.08
memory\[4\]\[9\],14.08
_1077_,14.065
_2989_,14.06
_0502_,14.045
_0591_,14.045
_0825_,14.045
_0933_,14.045
_3029_,14.04
_3102_,14.04
memory\[31\]\[27\],14.04
net1027,14.04
_3355_,14.02
memory\[9\]\[17\],14.02
_0705_,14.005
_2702_,14
_3239_,14
net287,14
net877,14
_0909_,13.985
data_out1[0],13.98
data_out2[7],13.98
_0723_,13.965
_1785_,13.965
_1293_,13.96
_1998_,13.96
_3212_,13.96
net888,13.94
_0928_,13.925
memory\[13\]\[2\],13.92
_0961_,13.885
_2818_,13.88
_3247_,13.88
net1163,13.88
_0378_,13.875
net172,13.84
_3419_,13.84
net1127,13.84
_0736_,13.825
_0625_,13.82
_1119_,13.815
memory\[31\]\[18\],13.8
_2407_,13.79
_0715_,13.785
_2517_,13.78
net649,13.76
_1524_,13.74
_1963_,13.74
net395,13.74
_0710_,13.725
_3424_,13.72
_1455_,13.715
net201,13.68
_1011_,13.68
_1638_,13.66
_2099_,13.66
_2637_,13.66
_2864_,13.66
net671,13.66
net1130,13.66
_0936_,13.645
net631,13.64
_0225_,13.635
_0448_,13.625
_0578_,13.625
net187,13.62
_1542_,13.62
_2997_,13.62
memory\[1\]\[13\],13.62
_1687_,13.605
_1015_,13.585
_1144_,13.585
_0179_,13.545
_0196_,13.545
_0510_,13.545
memory\[5\]\[18\],13.54
net235,13.54
net699,13.54
net1001,13.54
net1172,13.54
_0611_,13.515
_0924_,13.505
_1414_,13.5
memory\[27\]\[5\],13.5
net366,13.5
net524,13.5
net747,13.5
_0851_,13.465
_1090_,13.465
_1064_,13.46
net350,13.46
net1035,13.44
_0301_,13.405
net995,13.4
_1514_,13.38
net798,13.38
_0241_,13.345
_0332_,13.34
_1530_,13.34
net1049,13.34
_2957_,13.32
net1174,13.32
_3098_,13.3
net714,13.3
net842,13.3
_0369_,13.285
_0945_,13.285
_1823_,13.28
_0498_,13.265
_0518_,13.265
_0471_,13.225
_1004_,13.22
net529,13.22
net589,13.2
net1055,13.2
net171,13.16
_1475_,13.16
net355,13.16
net362,13.16
net785,13.16
net959,13.16
_1069_,13.155
_1773_,13.125
_2121_,13.12
_2815_,13.12
_2843_,13.12
memory\[16\]\[0\],13.12
net1094,13.12
_1781_,13.11
_3099_,13.1
_0439_,13.085
_1775_,13.08
_2245_,13.08
_2334_,13.08
_3296_,13.08
net808,13.08
net950,13.08
_0819_,13.065
_0811_,13.06
_2065_,13.06
_2828_,13.06
_2295_,13.04
net793,13.04
_3356_,13.02
_0743_,13.005
_0761_,13.005
_0831_,13.005
_1047_,13.005
_1493_,13
_2122_,13
_2320_,13
net374,13
net803,13
_0194_,12.985
_2277_,12.96
_2929_,12.96
_2153_,12.955
_1041_,12.945
_0269_,12.94
net266,12.94
_3322_,12.92
net816,12.92
_0423_,12.915
_0217_,12.905
_0182_,12.885
_0416_,12.885
_1099_,12.885
net370,12.88
net878,12.88
_1299_,12.84
_1386_,12.84
_2041_,12.84
_0553_,12.825
_1893_,12.82
_2159_,12.82
_2239_,12.82
_2294_,12.82
_0635_,12.805
_0697_,12.805
_3176_,12.8
_2954_,12.795
memory\[29\]\[23\],12.76
net436,12.76
net1118,12.76
_1036_,12.745
_3362_,12.74
_0240_,12.72
_2220_,12.72
net658,12.72
_2647_,12.7
memory\[29\]\[25\],12.68
net408,12.68
_0720_,12.665
_0760_,12.665
memory\[25\]\[29\],12.66
memory\[29\]\[18\],12.66
net694,12.66
net713,12.66
net914,12.66
net949,12.66
memory\[14\]\[25\],12.655
_2575_,12.64
_3334_,12.64
_1987_,12.62
_2796_,12.62
_3113_,12.62
memory\[20\]\[28\],12.62
net340,12.62
net641,12.62
net910,12.62
net964,12.62
net996,12.62
_0466_,12.58
_1725_,12.58
_3297_,12.58
_0157_,12.545
_0452_,12.545
_0467_,12.545
_0599_,12.545
_1109_,12.545
_2860_,12.54
_1550_,12.525
_1719_,12.5
net539,12.5
net961,12.5
net1063,12.5
_1204_,12.48
_0515_,12.475
_0900_,12.445
_1424_,12.42
_0175_,12.415
_0925_,12.4
_1322_,12.4
_1953_,12.39
net429,12.38
_0347_,12.365
_0636_,12.365
_1768_,12.36
_2602_,12.36
_0279_,12.355
memory\[26\]\[28\],12.355
_2703_,12.34
memory\[31\]\[21\],12.34
net424,12.34
net869,12.34
net1005,12.34
_0247_,12.325
_0835_,12.325
_1315_,12.32
_3084_,12.3
memory\[1\]\[9\],12.3
_2715_,12.28
_3245_,12.28
_3271_,12.28
memory\[12\]\[11\],12.28
net259,12.28
net530,12.28
net1019,12.28
_0221_,12.265
_2984_,12.24
_3100_,12.24
data_addr1[2],12.24
data_in[1],12.24
data_in[21],12.24
data_in[26],12.24
data_in[27],12.24
data_in[28],12.24
net736,12.24
_0604_,12.225
net532,12.2
net1047,12.2
_2923_,12.18
net651,12.18
net1012,12.18
_0505_,12.165
_0874_,12.165
_1100_,12.165
_1484_,12.16
_1491_,12.16
_1916_,12.16
_2198_,12.16
_2599_,12.16
_2711_,12.16
_3054_,12.16
_3218_,12.16
net361,12.16
net456,12.16
net493,12.16
net994,12.16
net1067,12.16
_3358_,12.14
_0772_,12.125
net315,12.12
net918,12.12
_1556_,12.115
_0454_,12.085
_2230_,12.08
net569,12.08
net942,12.08
_1051_,12.06
_1337_,12.045
_2591_,12.04
_2906_,12.04
net357,12.04
net521,12.04
net1007,12.04
_2793_,12.035
net489,12.02
memory\[6\]\[11\],12.01
_0262_,12.005
_0308_,11.985
_0522_,11.985
_0791_,11.985
_0796_,11.985
_0849_,11.985
_2141_,11.96
memory\[2\]\[19\],11.95
_2706_,11.94
data_out2[3],11.94
_2382_,11.93
net322,11.9
_0270_,11.885
_0324_,11.885
_0581_,11.885
_0354_,11.865
_0355_,11.865
_0700_,11.86
_1005_,11.845
_2830_,11.84
_0597_,11.825
_1778_,11.82
_2879_,11.82
net328,11.82
net526,11.82
net531,11.82
net603,11.82
net923,11.82
net1078,11.82
net1085,11.82
_0753_,11.805
_1131_,11.805
_2219_,11.78
_2236_,11.78
_3336_,11.78
data_in[10],11.78
net636,11.78
_0619_,11.775
_1249_,11.76
memory\[5\]\[13\],11.76
_1107_,11.755
_1048_,11.745
memory\[21\]\[15\],11.74
net759,11.74
net863,11.74
_0919_,11.735
_1635_,11.72
net566,11.72
_0832_,11.705
_1019_,11.705
_1191_,11.7
_2247_,11.7
_2821_,11.7
_2822_,11.7
_3206_,11.7
net455,11.7
net499,11.7
net615,11.7
net871,11.7
net978,11.7
net1057,11.7
_0398_,11.685
_0453_,11.685
_0482_,11.685
data_out2[12],11.68
data_out2[17],11.68
data_out2[22],11.68
data_out2[25],11.68
data_out2[6],11.68
net210,11.68
net960,11.68
net969,11.68
_0300_,11.665
_1059_,11.665
_0701_,11.625
net133,11.625
_2936_,11.62
_0431_,11.585
_1702_,11.58
net543,11.58
_0821_,11.56
net880,11.56
data_in[8],11.55
net426,11.54
_0650_,11.525
_0948_,11.525
_0588_,11.52
net906,11.52
_2282_,11.5
_3170_,11.5
_0567_,11.485
data_addr2[1],11.48
_1990_,11.46
net806,11.46
_0442_,11.455
_0361_,11.445
_0043_,11.425
_2057_,11.42
_2403_,11.42
_3048_,11.42
_1262_,11.4
net545,11.38
_1549_,11.36
net720,11.36
_0153_,11.345
_0770_,11.335
_0290_,11.325
_2639_,11.32
memory\[17\]\[2\],11.32
net593,11.32
net673,11.32
net912,11.32
_0193_,11.305
_0594_,11.305
memory\[24\]\[13\],11.3
_0188_,11.285
_0364_,11.285
_0609_,11.285
_1054_,11.285
_2696_,11.28
net574,11.28
net963,11.28
net1037,11.28
_0627_,11.275
data_out1[17],11.26
data_out1[21],11.26
data_out2[2],11.26
_2203_,11.24
net926,11.24
net1059,11.24
_0320_,11.225
_1066_,11.205
_1444_,11.2
_2115_,11.2
_2580_,11.2
_2792_,11.2
net1092,11.2
_1057_,11.185
_0729_,11.165
_1495_,11.16
_0682_,11.145
data_in[18],11.14
data_in[6],11.14
net250,11.14
net512,11.14
_3312_,11.12
net1082,11.12
data_addr[0],11.11
net690,11.1
memory\[29\]\[3\],11.08
_0037_,11.065
_0285_,11.065
_0421_,11.065
_0888_,11.065
_0172_,11.06
_0329_,11.06
net1006,11.06
_0444_,11.045
_1505_,11.04
memory\[5\]\[20\],11.04
net1150,11.04
_0151_,11.025
_1500_,11.02
_1084_,10.995
_0746_,10.985
_1273_,10.98
_1757_,10.98
_2205_,10.98
_2826_,10.98
net1143,10.98
_1969_,10.97
_0158_,10.965
_0861_,10.965
memory\[4\]\[11\],10.96
_0313_,10.945
_0388_,10.945
_0547_,10.945
_0826_,10.945
_0873_,10.945
_1124_,10.945
_1759_,10.92
_1997_,10.92
_3318_,10.92
net229,10.92
net509,10.92
net162,10.9
_1344_,10.9
_2535_,10.9
_2725_,10.9
_3045_,10.9
net578,10.9
net581,10.9
net751,10.9
net908,10.9
_0941_,10.885
_0231_,10.875
_2052_,10.86
net316,10.86
net390,10.86
net633,10.86
net737,10.86
net922,10.86
_0166_,10.825
_1209_,10.82
_1541_,10.82
_2808_,10.82
net594,10.82
net976,10.82
_0408_,10.8
_1895_,10.8
_3107_,10.8
net1003,10.8
_0406_,10.785
net927,10.785
_1175_,10.78
_2553_,10.78
_3002_,10.78
_3305_,10.78
net252,10.78
net459,10.78
net481,10.78
_0219_,10.765
data_out1[27],10.76
data_out2[4],10.76
_3445_,10.74
net306,10.74
net421,10.74
net853,10.74
net854,10.74
net1089,10.74
_2059_,10.72
_0325_,10.705
_0872_,10.705
_0255_,10.7
net710,10.7
_0576_,10.695
_0296_,10.68
_1009_,10.68
data_in[29],10.67
_2091_,10.66
_2819_,10.66
_3287_,10.66
net450,10.66
_0208_,10.625
_0871_,10.6
_2266_,10.6
_0134_,10.585
_0703_,10.565
_1097_,10.565
data_addr1[3],10.56
data_out2[14],10.56
net496,10.54
net583,10.54
_0475_,10.52
net1153,10.52
_0607_,10.505
_0692_,10.505
_2027_,10.5
memory\[8\]\[2\],10.5
_1857_,10.48
_2967_,10.46
_2987_,10.46
_3313_,10.46
net241,10.46
net283,10.46
net510,10.46
net585,10.46
net629,10.46
_1681_,10.44
_2210_,10.44
_3217_,10.44
_3392_,10.44
net255,10.44
net353,10.44
net734,10.44
_0218_,10.425
_2541_,10.42
net709,10.42
_0579_,10.415
data_in[23],10.41
_1022_,10.405
_2719_,10.4
net309,10.4
net367,10.4
net831,10.4
net1065,10.4
_0156_,10.365
_0302_,10.365
_1604_,10.36
_0298_,10.34
net469,10.34
net591,10.34
_0356_,10.325
_0918_,10.325
_2285_,10.32
_2972_,10.32
net220,10.32
net352,10.32
net431,10.32
net1096,10.32
_0839_,10.305
_0422_,10.3
_0410_,10.285
_3361_,10.28
net449,10.28
net765,10.28
net818,10.28
net1011,10.28
_0309_,10.275
_0600_,10.275
_0382_,10.245
_1343_,10.24
_3331_,10.24
data_in[12],10.23
_1378_,10.22
_0817_,10.205
_2385_,10.2
_2596_,10.2
net799,10.2
_0661_,10.185
_0485_,10.165
_0876_,10.165
_1073_,10.165
net1128,10.16
_0407_,10.145
_0495_,10.145
_0726_,10.145
_2309_,10.115
_0228_,10.105
_0321_,10.105
_0737_,10.105
_1038_,10.105
net1111,10.1
net1167,10.1
_2069_,10.08
_2431_,10.08
_0460_,10.065
_0580_,10.065
_0527_,10.06
_1498_,10.06
_3091_,10.04
net486,10.04
_0472_,10.025
net179,10.02
_0295_,10.02
_0885_,10
_1102_,10
memory\[31\]\[31\],10
net830,10
net936,10
net944,10
_1787_,9.98
_2807_,9.98
_3272_,9.98
net399,9.98
net693,9.98
net946,9.98
_0943_,9.965
_0887_,9.945
_0938_,9.945
_3060_,9.94
_3436_,9.94
net614,9.94
net698,9.94
memory\[22\]\[6\],9.935
_0222_,9.925
_0414_,9.925
_3327_,9.92
memory\[14\]\[3\],9.92
net1124,9.92
_0161_,9.905
_0490_,9.905
_1147_,9.905
_2712_,9.9
_3253_,9.9
net525,9.9
_0149_,9.88
net214,9.88
net889,9.88
net1069,9.87
_0034_,9.865
_0350_,9.865
_0384_,9.865
_0704_,9.865
_3046_,9.86
_3303_,9.86
net230,9.86
net746,9.86
net953,9.86
_0341_,9.845
_0648_,9.845
_1192_,9.82
net222,9.82
net519,9.82
net844,9.82
net962,9.82
_0912_,9.815
_0646_,9.785
_1618_,9.78
_2729_,9.78
_2787_,9.78
_0768_,9.765
_0174_,9.76
net336,9.76
net423,9.76
_1590_,9.74
net686,9.74
net988,9.74
_0764_,9.72
_2952_,9.72
net447,9.72
_0571_,9.705
_0577_,9.705
_0634_,9.705
memory\[14\]\[27\],9.69
_0586_,9.685
_2974_,9.66
_0688_,9.645
_0829_,9.645
data_addr2[0],9.64
net1120,9.64
net717,9.62
_0428_,9.605
_0949_,9.605
net1175,9.6
_0223_,9.585
_0311_,9.585
_1933_,9.58
_1001_,9.565
_2315_,9.56
net1161,9.56
_1134_,9.545
net410,9.54
net428,9.54
net503,9.54
net660,9.54
net890,9.54
net933,9.54
net163,9.52
_2949_,9.52
net211,9.52
net302,9.52
net513,9.52
net560,9.52
net780,9.52
net881,9.52
net980,9.52
net1083,9.52
_1615_,9.5
_2593_,9.5
_0469_,9.485
_0545_,9.485
_3261_,9.48
memory\[28\]\[2\],9.48
net557,9.48
net777,9.48
net913,9.48
_0352_,9.465
_0141_,9.455
_0436_,9.445
_0719_,9.445
_1520_,9.44
_2697_,9.44
_2956_,9.44
memory\[11\]\[21\],9.44
memory\[31\]\[29\],9.44
net932,9.44
net1043,9.44
_0456_,9.425
net153,9.42
_3269_,9.42
net538,9.42
_0316_,9.405
_0830_,9.405
_2658_,9.4
net338,9.4
net554,9.4
net915,9.4
net986,9.4
net1020,9.4
net385,9.38
net783,9.38
_0572_,9.375
_0201_,9.365
_0230_,9.365
_0651_,9.365
_1780_,9.36
_3049_,9.34
_0592_,9.335
_1008_,9.325
_1137_,9.325
_1890_,9.325
data_in[13],9.31
_0698_,9.305
_0349_,9.3
net360,9.3
_0763_,9.265
_0491_,9.26
_2195_,9.26
memory\[27\]\[1\],9.24
_0299_,9.225
_0562_,9.225
_0800_,9.22
_0238_,9.205
_3194_,9.2
net458,9.2
net1169,9.2
_0430_,9.185
_1043_,9.185
net757,9.16
net828,9.16
_0649_,9.145
_0842_,9.145
_1925_,9.14
_0620_,9.125
_1287_,9.1
_0145_,9.085
_0318_,9.085
_0762_,9.085
net169,9.08
_2109_,9.08
_3198_,9.08
_3252_,9.08
_3410_,9.08
net314,9.08
net771,9.08
data_addr1[4],9.07
_2820_,9.06
_2959_,9.06
_3180_,9.06
_3208_,9.06
net295,9.06
net433,9.06
net630,9.06
net657,9.06
net911,9.06
_0596_,9.045
_2520_,9.04
net786,9.04
_2624_,9.02
_0420_,9.005
memory\[24\]\[4\],9
_1049_,8.985
_3215_,8.98
net372,8.98
net702,8.98
data_out1[12],8.96
data_out1[16],8.96
data_out1[20],8.96
data_out1[2],8.96
data_out1[5],8.96
data_out2[10],8.96
data_out2[16],8.96
data_out2[21],8.96
data_out2[24],8.96
data_out2[29],8.96
data_out2[8],8.96
net700,8.96
_0330_,8.945
_0787_,8.945
_0921_,8.945
_2278_,8.94
_2927_,8.94
net244,8.94
net440,8.94
net639,8.94
_0960_,8.935
net441,8.92
net164,8.9
_1932_,8.9
_2576_,8.9
_3276_,8.9
net522,8.9
_1033_,8.865
_3134_,8.86
data_addr2[3],8.84
data_in[15],8.84
data_in[25],8.84
data_in[2],8.84
net1106,8.84
net971,8.825
_0666_,8.8
_0539_,8.785
_1825_,8.78
net1138,8.78
_1000_,8.775
_1105_,8.775
_0136_,8.765
_0263_,8.765
_0292_,8.765
_0509_,8.765
_0526_,8.76
net497,8.74
_0602_,8.725
_0935_,8.725
data_addr[1],8.72
data_in[14],8.72
net1164,8.72
_0033_,8.7
_2944_,8.7
net425,8.7
_0368_,8.695
_0162_,8.685
_1037_,8.665
memory\[9\]\[31\],8.66
_0689_,8.645
_1496_,8.64
_1874_,8.64
_2034_,8.64
net165,8.62
net167,8.62
net575,8.62
net588,8.62
net679,8.62
net825,8.62
net885,8.62
_0614_,8.605
_2433_,8.6
net492,8.6
net528,8.6
net534,8.6
net537,8.6
net546,8.6
net744,8.6
net807,8.6
net817,8.6
net965,8.6
_0886_,8.585
net800,8.58
_2170_,8.575
_0449_,8.565
_0792_,8.565
_0834_,8.565
_1079_,8.565
_3405_,8.56
net405,8.56
net795,8.56
net1072,8.56
_0403_,8.525
_0660_,8.525
_0838_,8.525
_3298_,8.52
memory\[0\]\[19\],8.52
_2538_,8.5
net445,8.5
net845,8.5
_0713_,8.485
_0890_,8.485
_2598_,8.48
net300,8.48
net618,8.48
net788,8.48
_0845_,8.465
_1020_,8.465
_1027_,8.465
_0303_,8.445
_0504_,8.445
_1440_,8.44
_1753_,8.44
_2329_,8.44
_3028_,8.44
_3033_,8.44
net242,8.44
net607,8.44
net1017,8.44
data_out1[14],8.41
_1766_,8.4
_2536_,8.4
_0362_,8.38
_0882_,8.38
net518,8.38
net1002,8.38
net1151,8.38
memory\[17\]\[4\],8.36
_1229_,8.34
_1018_,8.325
_2119_,8.32
net1165,8.32
_0259_,8.305
_0561_,8.305
_0633_,8.305
_0880_,8.305
_1180_,8.3
_1576_,8.3
_2160_,8.3
_0922_,8.285
_1571_,8.28
_2814_,8.28
net402,8.28
net967,8.28
net1168,8.28
_0507_,8.265
_2518_,8.26
_1770_,8.24
net977,8.24
_0932_,8.225
_1985_,8.2
_3024_,8.2
net337,8.2
net1000,8.2
_0618_,8.195
_1071_,8.165
_3335_,8.16
net258,8.16
net261,8.16
net307,8.16
net552,8.16
net600,8.16
net664,8.16
net917,8.16
net924,8.16
_1106_,8.155
_1927_,8.155
data_addr[4],8.15
net155,8.14
net168,8.14
_2626_,8.14
_2747_,8.14
_3220_,8.14
_3267_,8.14
_3398_,8.14
net273,8.14
net275,8.14
net417,8.14
net997,8.14
_2565_,8.12
net318,8.12
net461,8.12
memory\[14\]\[21\],8.11
_0233_,8.105
net205,8.1
_2942_,8.1
_3042_,8.1
_3116_,8.1
net471,8.1
net606,8.1
net646,8.1
net1023,8.1
_0342_,8.065
_0435_,8.065
_1586_,8.06
_2643_,8.06
_3031_,8.06
net381,8.06
_2595_,8.04
_2995_,8.04
_3158_,8.04
net319,8.04
net772,8.04
net868,8.04
_0848_,8.035
_0494_,8.025
_0774_,8.025
net166,8.02
_1900_,8.02
_2163_,8.02
_2797_,8.02
_3105_,8.02
_3353_,8.02
net536,8.02
net892,8.02
net707,8.005
_0147_,7.985
_0668_,7.985
_0749_,7.985
_1388_,7.98
_2022_,7.98
_2417_,7.98
_2547_,7.98
_3131_,7.98
net294,7.98
net452,7.98
net495,7.98
net535,7.98
data_in[5],7.93
_0479_,7.925
_0680_,7.925
_0612_,7.92
data_addr1[1],7.92
_1104_,7.905
net558,7.9
net1146,7.9
net1160,7.9
_0425_,7.88
_0488_,7.88
_0794_,7.88
_0841_,7.865
net1133,7.86
_1127_,7.845
_1711_,7.84
_2794_,7.82
_3394_,7.82
net1064,7.82
_0667_,7.805
_1096_,7.8
_3175_,7.8
net592,7.8
net567,7.78
_0434_,7.765
_0780_,7.765
_0998_,7.765
_1445_,7.76
_1651_,7.76
_1950_,7.76
_0367_,7.745
_1058_,7.745
_1340_,7.74
_2009_,7.725
_1515_,7.72
_2958_,7.72
_0176_,7.705
_0959_,7.705
_1435_,7.7
_3350_,7.7
net238,7.7
net422,7.7
net652,7.7
net895,7.7
net1086,7.7
net1093,7.7
_2258_,7.695
net149,7.68
_1902_,7.68
_2569_,7.68
_2813_,7.68
_2999_,7.68
_3347_,7.68
net221,7.68
net301,7.68
net327,7.68
net500,7.68
net653,7.68
net733,7.68
net779,7.68
net792,7.68
net983,7.68
_1118_,7.655
_0484_,7.645
_1065_,7.645
_1462_,7.64
_2030_,7.64
_3357_,7.64
_3402_,7.64
net563,7.64
net705,7.64
net729,7.64
net749,7.64
net1077,7.64
_0204_,7.625
_0476_,7.605
_0639_,7.605
_0807_,7.605
_1125_,7.605
_1304_,7.6
net511,7.6
net716,7.6
net920,7.6
net1076,7.6
_0160_,7.565
_0473_,7.565
_0683_,7.565
_0867_,7.565
_1012_,7.565
_2531_,7.56
_2566_,7.56
_2802_,7.56
_3234_,7.56
net462,7.56
net955,7.56
net1039,7.56
_0412_,7.545
_0810_,7.54
_2998_,7.54
net861,7.54
_2514_,7.52
_2552_,7.52
net351,7.52
net498,7.52
net790,7.52
_0256_,7.485
_0496_,7.485
_0641_,7.485
_1129_,7.485
_3274_,7.48
net308,7.48
net1104,7.48
_0305_,7.46
net254,7.46
net265,7.46
net369,7.46
net921,7.46
_1152_,7.445
_2103_,7.44
_2592_,7.44
net704,7.44
_0603_,7.425
net142,7.405
_1259_,7.4
_2564_,7.4
_0740_,7.385
_1141_,7.385
_1278_,7.36
_1685_,7.36
_3311_,7.36
net380,7.36
net400,7.36
net506,7.36
net571,7.36
_0544_,7.345
_0548_,7.345
_0856_,7.345
_1126_,7.345
_1439_,7.34
_1587_,7.335
_2317_,7.32
_3342_,7.32
net271,7.32
net722,7.32
net1135,7.32
_0712_,7.305
_0793_,7.305
_0235_,7.285
_0363_,7.285
_1062_,7.285
_1612_,7.26
_0207_,7.245
net347,7.24
net655,7.24
net672,7.24
net738,7.24
net778,7.24
_2810_,7.235
w_enable,7.23
_0557_,7.225
net209,7.22
_2698_,7.22
_2732_,7.22
_2862_,7.22
_2866_,7.22
_3126_,7.22
_3177_,7.22
net277,7.22
net305,7.22
net564,7.22
net579,7.22
net674,7.22
net943,7.22
net951,7.22
_1149_,7.185
_1729_,7.18
_2056_,7.18
_2877_,7.18
_2973_,7.18
_3090_,7.18
net251,7.18
net375,7.18
net544,7.18
net662,7.18
net858,7.18
_0169_,7.145
_0340_,7.145
_0426_,7.145
_0554_,7.145
_0617_,7.145
_0628_,7.145
_1040_,7.145
_1628_,7.145
_3040_,7.14
net212,7.12
net213,7.12
net281,7.12
net298,7.12
net334,7.12
net1166,7.12
_0465_,7.105
_0955_,7.105
_1318_,7.1
_1323_,7.1
_1705_,7.1
_1889_,7.1
net320,7.1
net323,7.1
net443,7.1
net809,7.1
_0686_,7.085
_0781_,7.08
net157,7.06
_2544_,7.06
net326,7.06
net840,7.06
net1134,7.06
_0148_,7
_0954_,7
_1233_,7
_1764_,6.99
_1150_,6.985
memory\[29\]\[5\],6.98
net253,6.98
net260,6.98
net479,6.98
net501,6.98
_0130_,6.96
_0508_,6.96
net584,6.94
_0752_,6.925
_0868_,6.925
_0883_,6.9
_3320_,6.9
net490,6.9
net762,6.9
net929,6.9
_0795_,6.885
_1089_,6.885
_1148_,6.885
_3340_,6.86
_0658_,6.845
_1091_,6.845
_1335_,6.84
_0129_,6.825
_0267_,6.825
_1151_,6.825
_1457_,6.78
_1791_,6.78
_2235_,6.78
_3027_,6.78
_3290_,6.78
net218,6.78
net224,6.78
net240,6.78
net248,6.78
net293,6.78
net299,6.78
net345,6.78
net365,6.78
net393,6.78
net556,6.78
net605,6.78
net645,6.78
net893,6.78
data_in[30],6.77
reset,6.77
_0538_,6.765
_0678_,6.765
_0855_,6.765
_0946_,6.765
net208,6.76
_2180_,6.76
_2215_,6.76
_2406_,6.76
_3067_,6.76
net313,6.76
net523,6.76
net685,6.76
net721,6.76
net732,6.76
net905,6.76
_2391_,6.745
_0186_,6.725
net190,6.72
_1955_,6.72
_3112_,6.72
net225,6.72
net284,6.72
net464,6.72
net599,6.72
net1098,6.72
_0237_,6.705
_0253_,6.705
_0379_,6.705
memory\[1\]\[19\],6.7
_0128_,6.685
_0167_,6.685
_0500_,6.685
_0525_,6.685
_0537_,6.685
_0733_,6.685
_2025_,6.66
_2519_,6.66
net396,6.66
_0853_,6.645
_1052_,6.645
_1523_,6.64
_1951_,6.64
_2102_,6.64
_3319_,6.64
net228,6.64
net404,6.64
net420,6.64
net619,6.64
net711,6.64
net838,6.64
net857,6.64
_0687_,6.625
_0897_,6.625
net894,6.62
_1649_,6.605
_2434_,6.6
_2521_,6.6
_3221_,6.6
net542,6.6
_0433_,6.585
_0930_,6.565
_1042_,6.56
data_in[22],6.55
_0210_,6.54
_0563_,6.54
_0654_,6.54
_0702_,6.54
_0718_,6.54
_2578_,6.52
net502,6.52
net874,6.52
net899,6.52
net1115,6.52
_0789_,6.515
_0950_,6.5
_3171_,6.48
_3328_,6.48
net1144,6.48
_0178_,6.465
_0863_,6.465
_1098_,6.465
_3127_,6.44
net839,6.44
net1156,6.44
_0558_,6.425
net1108,6.42
_3310_,6.4
_0220_,6.365
_0278_,6.365
_0662_,6.365
_0864_,6.365
_0891_,6.365
_0892_,6.365
_1044_,6.365
_1063_,6.365
_2809_,6.36
_0159_,6.355
_0706_,6.345
_0543_,6.325
_1611_,6.325
net559,6.32
net570,6.32
data_in[20],6.31
_0133_,6.305
_1788_,6.3
_2304_,6.3
_2421_,6.3
_2875_,6.3
_3156_,6.3
net392,6.3
net419,6.3
net435,6.3
net794,6.3
_1114_,6.285
net274,6.28
_0643_,6.265
net173,6.26
_1256_,6.26
_1276_,6.26
_2424_,6.26
_2581_,6.26
_2940_,6.26
_2955_,6.26
_2980_,6.26
_3058_,6.26
_3364_,6.26
net290,6.26
net371,6.26
net377,6.26
net397,6.26
net740,6.26
net753,6.26
net756,6.26
net1008,6.26
net1009,6.26
net1058,6.26
_3085_,6.24
_0524_,6.225
_0542_,6.225
_0676_,6.225
_0790_,6.225
data_out1[24],6.21
data_out1[6],6.21
data_out2[13],6.21
data_out2[9],6.21
_2515_,6.2
_2568_,6.2
_0365_,6.185
_0595_,6.185
_0669_,6.185
_0805_,6.185
_0814_,6.185
_0837_,6.185
_1736_,6.18
_2251_,6.18
_2917_,6.18
net805,6.18
net931,6.18
net956,6.18
_2340_,6.17
_0732_,6.165
_0884_,6.165
_0470_,6.16
_2549_,6.155
_1468_,6.14
_1532_,6.14
_3083_,6.14
_0252_,6.105
_0413_,6.105
data_in[11],6.09
_0336_,6.085
_0243_,6.08
_0293_,6.08
_0492_,6.08
_0566_,6.08
_1746_,6.08
_1922_,6.08
_3273_,6.08
_1039_,6.065
_1310_,6.06
_2951_,6.06
net1158,6.06
_0734_,6.04
_0862_,6.04
_1110_,6.04
_1123_,6.04
_1653_,6.04
_1855_,6.04
_0893_,6.035
_0534_,6.025
_0947_,6.025
_0963_,6.025
_0464_,6.015
_0601_,6.015
_1028_,6.005
_1032_,6.005
data_in[31],5.99
_1708_,5.98
net339,5.98
net354,5.98
net482,5.98
net533,5.98
net879,5.98
net958,5.98
data_addr2[2],5.97
_0773_,5.965
_2296_,5.95
net200,5.94
_3246_,5.94
net656,5.94
_0536_,5.935
_1946_,5.935
_1698_,5.92
_0685_,5.885
_0902_,5.885
_2289_,5.86
_2904_,5.86
net601,5.86
net654,5.86
net696,5.86
net791,5.86
net1129,5.86
net1145,5.86
net147,5.84
net233,5.84
net359,5.84
net507,5.84
net616,5.84
net648,5.84
net680,5.84
net972,5.84
net1062,5.84
_0211_,5.835
_1771_,5.82
_0709_,5.805
net160,5.8
_2620_,5.8
_2801_,5.8
_3081_,5.8
_3205_,5.8
_3284_,5.8
net468,5.8
net582,5.8
net621,5.8
_0209_,5.765
_0227_,5.765
_0261_,5.765
_0432_,5.765
_0583_,5.765
_1130_,5.765
_2574_,5.74
_0411_,5.725
_1117_,5.725
_1306_,5.72
_2142_,5.72
_2982_,5.72
_3080_,5.72
net239,5.72
net269,5.72
net379,5.72
net475,5.72
net504,5.72
net954,5.72
net1013,5.72
_0181_,5.705
_0348_,5.705
_0905_,5.705
_0605_,5.7
_2774_,5.7
_1655_,5.68
_1744_,5.68
_2328_,5.68
_2400_,5.68
_3092_,5.68
net553,5.68
net681,5.68
_1264_,5.67
data_addr[3],5.65
_0590_,5.645
data_out1[4],5.63
_0191_,5.62
_0409_,5.62
_2243_,5.62
net743,5.62
_3161_,5.605
_1381_,5.6
_3064_,5.6
net1044,5.6
net1121,5.6
_2332_,5.58
_0957_,5.575
_1686_,5.56
_0372_,5.555
_0681_,5.555
_0860_,5.555
_0200_,5.545
_0529_,5.545
_0541_,5.545
_0999_,5.545
data_out1[19],5.53
data_out1[1],5.53
data_out1[23],5.53
data_out1[28],5.53
data_out1[29],5.53
data_out2[26],5.53
_0879_,5.525
net414,5.52
net439,5.52
net549,5.52
net708,5.52
net852,5.52
net991,5.52
_0381_,5.505
_0725_,5.505
_0797_,5.505
_0889_,5.505
_0964_,5.505
_1080_,5.505
_1418_,5.5
_2060_,5.5
_2240_,5.5
net1113,5.5
_3199_,5.48
_0212_,5.465
_0711_,5.465
_1014_,5.465
net925,5.44
_0265_,5.435
_0391_,5.435
_0573_,5.435
_0833_,5.425
data_addr[2],5.41
data_in[3],5.41
_1793_,5.405
_2727_,5.4
net463,5.4
net611,5.4
net979,5.4
net981,5.4
net1050,5.4
_2411_,5.385
_1392_,5.38
_2080_,5.38
_2261_,5.38
_2550_,5.38
_3173_,5.38
_3270_,5.38
_3321_,5.38
_3345_,5.38
net264,5.38
net324,5.38
net465,5.38
net527,5.38
net609,5.38
net643,5.38
net661,5.38
net687,5.38
net837,5.38
net941,5.38
net982,5.38
_0556_,5.355
net196,5.34
net159,5.34
_1625_,5.34
_2342_,5.34
_2542_,5.34
_2594_,5.34
_2618_,5.34
_2837_,5.34
_2885_,5.34
_2983_,5.34
_3039_,5.34
_3087_,5.34
_3106_,5.34
_3329_,5.34
net474,5.34
net548,5.34
net586,5.34
net677,5.34
net763,5.34
net782,5.34
net883,5.34
net934,5.34
net1032,5.34
net1090,5.34
net1110,5.34
_0170_,5.305
_0281_,5.305
_0587_,5.305
_0677_,5.305
_0744_,5.305
_0799_,5.305
_0915_,5.305
net131,5.305
net127,5.305
net121,5.305
_1087_,5.305
data_in[0],5.29
_1936_,5.28
_2533_,5.28
_2737_,5.28
_0437_,5.265
_0519_,5.265
_0679_,5.265
_1055_,5.265
_3314_,5.26
net561,5.26
net590,5.26
net666,5.26
net675,5.26
net754,5.26
net928,5.26
_0844_,5.245
_1006_,5.245
_1128_,5.245
_0447_,5.235
net580,5.22
net945,5.22
data_in[16],5.19
data_out1[26],5.19
data_out1[30],5.19
data_out2[1],5.19
data_out2[28],5.19
data_out2[30],5.19
_0655_,5.18
_0344_,5.16
_1695_,5.16
_2190_,5.16
_0383_,5.14
_3332_,5.14
net1122,5.14
_0312_,5.135
_1994_,5.12
_2208_,5.12
_2435_,5.12
_0297_,5.095
_0757_,5.085
_0813_,5.085
_1021_,5.085
data_out1[13],5.07
data_out1[18],5.07
data_out2[0],5.07
data_out2[11],5.07
_0257_,5.065
_0582_,5.065
net613,5.06
net623,5.06
net767,5.06
net872,5.06
net939,5.06
net952,5.06
_0276_,5.045
_0389_,5.045
net145,5.045
_0202_,5.04
_1428_,5.04
_1429_,5.04
_2173_,5.04
_2523_,5.04
_2534_,5.04
_2931_,5.04
net249,5.02
_1669_,5
_2226_,5
_2765_,5
_0565_,4.995
_0940_,4.945
net348,4.94
net448,4.94
net596,4.94
net635,4.94
net773,4.94
net810,4.94
net896,4.94
net1031,4.94
net1048,4.94
_2681_,4.92
_2733_,4.92
_2854_,4.92
_3018_,4.92
_3043_,4.92
_3044_,4.92
_3108_,4.92
_3143_,4.92
net216,4.92
net262,4.92
net280,4.92
net335,4.92
net343,4.92
net364,4.92
net647,4.92
net669,4.92
net670,4.92
net683,4.92
net833,4.92
net902,4.92
net1060,4.92
net494,4.9
_0203_,4.885
_0234_,4.885
_0387_,4.885
_1092_,4.885
_1095_,4.885
_1242_,4.88
_1332_,4.88
_1374_,4.88
_2700_,4.88
_2701_,4.88
_2709_,4.88
_2889_,4.88
_3013_,4.88
_3077_,4.88
_3174_,4.88
_3201_,4.88
_3216_,4.88
_3222_,4.88
net608,4.88
net718,4.88
net748,4.88
net1056,4.88
_0717_,4.875
data_out1[15],4.85
data_out1[25],4.85
data_out1[3],4.85
data_out1[7],4.85
data_out1[8],4.85
data_out2[20],4.85
_0139_,4.845
_0226_,4.845
_0236_,4.845
_0254_,4.845
_0386_,4.845
_0392_,4.845
_0468_,4.845
_0540_,4.845
_1029_,4.845
_1088_,4.845
_1093_,4.845
_2756_,4.82
_0377_,4.805
net186,4.8
_1267_,4.8
_1911_,4.8
_3241_,4.8
net236,4.8
net311,4.8
_0245_,4.785
_0370_,4.785
_0375_,4.785
_0380_,4.785
_2349_,4.76
data_in[4],4.73
data_out1[9],4.73
_0144_,4.725
net123,4.725
_0294_,4.72
_0585_,4.7
_0610_,4.7
net126,4.7
_1163_,4.7
_2061_,4.7
_1620_,4.69
net1109,4.68
_0371_,4.635
_0881_,4.635
_1025_,4.635
_0197_,4.625
_0530_,4.625
_0640_,4.625
_0672_,4.625
_0751_,4.625
_0911_,4.625
_1120_,4.625
data_in[7],4.61
_0405_,4.605
_2347_,4.6
_2389_,4.6
net373,4.6
net406,4.6
net505,4.6
net517,4.6
net541,4.6
net573,4.6
net724,4.6
net725,4.6
net731,4.6
net745,4.6
net764,4.6
net775,4.6
net787,4.6
net856,4.6
net886,4.6
net901,4.6
net937,4.6
net984,4.6
net992,4.6
net1014,4.6
net1040,4.6
net1051,4.6
net1070,4.6
net1075,4.6
net1116,4.6
_0250_,4.585
_0260_,4.585
_0415_,4.585
_0427_,4.585
_1419_,4.58
net1170,4.58
_0289_,4.56
_2900_,4.56
net595,4.56
_1282_,4.54
net138,4.525
_0424_,4.505
_1023_,4.505
_1603_,4.48
_2492_,4.48
_3101_,4.48
_3427_,4.48
net342,4.48
net174,4.46
net178,4.46
_1806_,4.46
_2078_,4.46
_2369_,4.46
_2588_,4.46
_2800_,4.46
_2871_,4.46
_2928_,4.46
_2950_,4.46
_3041_,4.46
_3144_,4.46
_3259_,4.46
net247,4.46
net256,4.46
net386,4.46
net394,4.46
net432,4.46
net470,4.46
net484,4.46
net515,4.46
net610,4.46
net628,4.46
net637,4.46
net697,4.46
net727,4.46
net750,4.46
net815,4.46
net1033,4.46
net1061,4.46
net141,4.44
_2812_,4.44
_0239_,4.425
_0691_,4.425
_0898_,4.425
net158,4.42
_0523_,4.42
_1227_,4.42
_1596_,4.42
_2372_,4.42
_3063_,4.42
_3300_,4.42
data_out2[31],4.39
_0317_,4.385
_0328_,4.385
_0560_,4.385
_0827_,4.385
_0910_,4.385
net118,4.385
_2298_,4.36
_2562_,4.36
_2587_,4.36
_2935_,4.36
_2939_,4.36
_1234_,4.345
_1346_,4.34
_1408_,4.34
_2274_,4.34
net562,4.34
net665,4.34
net823,4.34
net1028,4.34
net1068,4.34
_0956_,4.295
_1053_,4.295
_1138_,4.295
data_out1[22],4.27
_0138_,4.24
_0402_,4.24
_0906_,4.24
_2527_,4.22
net1132,4.22
_1327_,4.2
_1573_,4.2
_1678_,4.2
_2105_,4.2
_0249_,4.165
_0481_,4.165
_0273_,4.145
_0804_,4.145
_1094_,4.145
_2002_,4.14
_3193_,4.14
net285,4.14
_0150_,4.125
_0326_,4.125
_1212_,4.12
net1131,4.12
_1182_,4.115
net682,4.1
net1105,4.08
net115,4.035
_1835_,4.02
_3148_,4.02
_1717_,4.005
net191,4
_1528_,4
_2839_,4
_2856_,4
_2902_,4
_3149_,4
net219,4
net330,4
net398,4
net415,4
net460,4
net774,4
net814,4
net849,4
net975,4
net1052,4
_0520_,3.985
net135,3.975
_0750_,3.965
_0779_,3.965
_0314_,3.925
_0630_,3.925
_0958_,3.925
net136,3.925
net128,3.925
_1017_,3.925
_1086_,3.925
_1645_,3.905
net466,3.9
_0185_,3.885
_1433_,3.885
_1219_,3.88
_1661_,3.88
_2408_,3.88
_2589_,3.88
_2680_,3.88
net289,3.88
net832,3.88
_0629_,3.875
_0631_,3.875
_0338_,3.865
_0695_,3.805
net114,3.805
_0730_,3.8
_0275_,3.78
_0288_,3.78
_1016_,3.78
_2924_,3.76
net1137,3.76
_2126_,3.74
_2281_,3.74
_1067_,3.725
_0334_,3.705
net134,3.685
net152,3.68
_2506_,3.68
_3242_,3.68
_3244_,3.68
_1981_,3.66
_2225_,3.66
_2000_,3.65
_2280_,3.65
_0345_,3.585
_3030_,3.56
net483,3.56
net1117,3.56
net148,3.54
_3089_,3.54
_3150_,3.54
_3277_,3.54
_3390_,3.54
net282,3.54
net286,3.54
net346,3.54
net453,3.54
net480,3.54
net572,3.54
net642,3.54
net742,3.54
net776,3.54
net843,3.54
net876,3.54
net940,3.54
net970,3.54
net987,3.54
net990,3.54
net1025,3.54
net1081,3.54
_0327_,3.515
_0143_,3.505
_0684_,3.505
_0806_,3.505
_1142_,3.505
_0274_,3.465
_0665_,3.465
_0846_,3.465
net119,3.465
_1076_,3.465
_1133_,3.465
_0903_,3.44
_2806_,3.44
_1301_,3.425
_1485_,3.42
_1558_,3.42
_1899_,3.42
_3151_,3.42
net227,3.42
net485,3.42
net770,3.42
_0268_,3.395
_1007_,3.345
_0137_,3.32
_0146_,3.32
_0724_,3.32
_0765_,3.32
_0815_,3.32
_1002_,3.32
_1026_,3.32
_0458_,3.245
_0766_,3.245
_1010_,3.245
_1046_,3.245
_1075_,3.245
_1081_,3.245
_1706_,3.22
_2827_,3.22
net1114,3.22
_2364_,3.21
_1220_,3.2
_1664_,3.2
_1818_,3.2
net1123,3.2
_0224_,3.175
_0306_,3.175
_0319_,3.165
_0802_,3.165
_2146_,3.1
_2668_,3.1
_2718_,3.1
_3082_,3.1
_3179_,3.1
_3211_,3.1
_3265_,3.1
_3285_,3.1
_3301_,3.1
_3341_,3.1
_3404_,3.1
_3425_,3.1
_1275_,3.08
_3038_,3.08
_3147_,3.08
net555,3.08
net577,3.08
net689,3.08
net706,3.08
net769,3.08
net820,3.08
net827,3.08
net1046,3.08
net1099,3.08
net1171,3.08
_0198_,3.045
_0246_,3.045
_0657_,3.005
_0663_,3.005
net140,3.005
net132,3.005
net125,3.005
net124,3.005
net117,3.005
_0904_,2.98
_2432_,2.98
net862,2.98
_1367_,2.96
_1554_,2.96
_1689_,2.96
_1712_,2.96
_1962_,2.96
_2986_,2.96
_3254_,2.96
_3306_,2.96
_3366_,2.96
_3375_,2.96
net376,2.96
net1016,2.96
_0173_,2.945
_0748_,2.885
_0758_,2.885
_1060_,2.885
_0809_,2.88
_0644_,2.86
_1122_,2.86
_1783_,2.86
_1992_,2.85
net1041,2.84
net1173,2.84
_0152_,2.785
_0477_,2.785
_0638_,2.785
_0850_,2.785
_0907_,2.785
_0286_,2.765
_1082_,2.765
net181,2.76
_1885_,2.76
_2019_,2.76
_2156_,2.76
_2355_,2.76
_2660_,2.76
_2674_,2.76
_2735_,2.76
_2841_,2.76
_3132_,2.76
_3141_,2.76
_3207_,2.76
_3219_,2.76
_3257_,2.76
_3299_,2.76
_3302_,2.76
net796,2.76
net860,2.76
_0359_,2.715
_0360_,2.715
_2194_,2.64
_2292_,2.64
net268,2.64
net389,2.64
net427,2.64
net882,2.64
net935,2.64
net1038,2.64
net184,2.62
net188,2.62
net197,2.62
net150,2.62
net156,2.62
net161,2.62
net175,2.62
net146,2.62
_1385_,2.62
_2522_,2.62
_2937_,2.62
_3068_,2.62
_3133_,2.62
_3157_,2.62
_3202_,2.62
_3214_,2.62
net231,2.62
net288,2.62
net344,2.62
net363,2.62
net409,2.62
net488,2.62
net640,2.62
net692,2.62
net728,2.62
net781,2.62
net821,2.62
net957,2.62
net985,2.62
net1029,2.62
net1079,2.62
net1088,2.62
_0374_,2.585
_0656_,2.585
_0155_,2.545
_0192_,2.545
_0242_,2.545
_0584_,2.545
_0606_,2.545
_0659_,2.545
_0937_,2.545
net137,2.545
net116,2.545
_1034_,2.545
_1050_,2.545
_1070_,2.545
_1132_,2.545
_0637_,2.54
net185,2.5
_1875_,2.5
_1915_,2.5
_2202_,2.5
_3278_,2.5
net279,2.5
net514,2.5
net768,2.5
net802,2.5
net811,2.5
_0177_,2.485
_0195_,2.485
_0390_,2.485
_1146_,2.425
_0624_,2.42
_0769_,2.42
_0913_,2.42
_3330_,2.38
_1101_,2.375
net684,2.36
net1024,2.34
_0264_,2.325
net154,2.3
net177,2.3
net270,2.3
net331,2.3
net382,2.3
net403,2.3
net411,2.3
net467,2.3
net477,2.3
net597,2.3
net632,2.3
net688,2.3
net760,2.3
net766,2.3
net824,2.3
net848,2.3
net855,2.3
net870,2.3
net873,2.3
net884,2.3
net897,2.3
net973,2.3
net993,2.3
net1026,2.3
net1054,2.3
net1066,2.3
net1119,2.28
net1125,2.28
net1139,2.28
net1147,2.28
net1155,2.28
net144,2.2
net129,2.2
net189,2.16
net204,2.16
net170,2.16
_1296_,2.16
_1941_,2.16
_2447_,2.16
_2908_,2.16
_2948_,2.16
_2988_,2.16
_3012_,2.16
_3178_,2.16
_3288_,2.16
_3365_,2.16
net232,2.16
net292,2.16
net442,2.16
net508,2.16
net667,2.16
net735,2.16
net819,2.16
net866,2.16
net891,2.16
net909,2.16
net948,2.16
net989,2.16
net1071,2.16
_0493_,2.125
_0647_,2.125
_0206_,2.085
_0213_,2.085
_0229_,2.085
_0623_,2.085
_0782_,2.085
_0616_,2.08
net143,2.08
_2184_,2.065
_2049_,2.06
_2428_,2.04
_2524_,2.04
_2548_,2.04
net598,2.04
net620,2.04
net691,2.04
_0322_,2.025
_0455_,2.025
_0622_,2.025
net120,2.025
_1975_,1.94
_2011_,1.94
_2393_,1.94
_0859_,1.915
_1700_,1.88
_0205_,1.865
_0266_,1.865
_0339_,1.865
_0745_,1.865
_0775_,1.865
_0816_,1.865
_0901_,1.865
_1135_,1.865
net180,1.84
_1290_,1.84
_1790_,1.84
_1989_,1.84
net703,1.84
net998,1.84
_1248_,1.82
_1289_,1.82
_1579_,1.82
net1157,1.82
_3142_,1.7
net304,1.7
net568,1.7
net719,1.7
net730,1.7
net813,1.7
net900,1.7
net1010,1.7
_3224_,1.6
_0154_,1.575
_1634_,1.48
_0140_,1.405
_0142_,1.405
_0244_,1.405
_0489_,1.405
_0521_,1.405
_0914_,1.405
_1085_,1.405
net183,1.38
net203,1.38
net151,1.38
net182,1.38
_2233_,1.38
_2416_,1.38
_3384_,1.38
net296,1.38
net898,1.38
_2044_,1.36
_2604_,1.26
net199,0.92
net202,0.92
net206,0.92
net207,0.92
net176,0.92
net378,0.92
net438,0.92
net1112,0.92
net587,0.8
net841,0.8
_1317_,0.46
_2026_,0.46
_2336_,0.46
_2387_,0.46
net217,0.46
net226,0.46
net237,0.46
net243,0.46
net245,0.46
net246,0.46
net263,0.46
net276,0.46
net291,0.46
net297,0.46
net312,0.46
net321,0.46
net329,0.46
net333,0.46
net368,0.46
net391,0.46
net412,0.46
net413,0.46
net434,0.46
net437,0.46
net444,0.46
net451,0.46
net457,0.46
net478,0.46
net487,0.46
net516,0.46
net547,0.46
net550,0.46
net602,0.46
net622,0.46
net634,0.46
net638,0.46
net644,0.46
net726,0.46
net812,0.46
net1141,0.46
net1154,0.46
